(-0.8000000000000002+0j),-1.5811388300841898j,0j,0j,0j,0j,0j,0j,0j,0j,0j,1.5811388300841898j,0j,0j,0j,0j,0j,0j,0j,0j,0j,0j,0j,0j,0j,0j,0j,0j,0j,0j,0j,0j,0j,0j,0j,0j,0j,0j,0j,0j,0j,0j,0j,0j,0j,0j,0j,0j,0j,0j,0j,0j,0j,0j,0j,0j,0j,0j,0j,0j,0j,0j,0j,0j,0j,0j,0j,0j,0j,0j,0j,0j,0j,0j,0j,0j,0j,0j,0j,0j,0j,0j,0j,0j,0j,0j,0j,0j,0j,0j,0j,0j,0j,0j,0j,0j,0j,0j,0j,0j,0j,0j,0j,0j,0j,0j,0j,0j,0j,0j,0j,0j,0j,0j,0j,0j,0j,0j,0j,0j,0j
-1.5811388300841898j,(-1.12+0j),-2.1213203435596424j,0j,0j,0j,0j,0j,0j,0j,0j,0j,1.5811388300841898j,0j,0j,0j,0j,0j,0j,0j,0j,0j,0j,0j,0j,0j,0j,0j,0j,0j,0j,0j,0j,0j,0j,0j,0j,0j,0j,0j,0j,0j,0j,0j,0j,0j,0j,0j,0j,0j,0j,0j,0j,0j,0j,0j,0j,0j,0j,0j,0j,0j,0j,0j,0j,0j,0j,0j,0j,0j,0j,0j,0j,0j,0j,0j,0j,0j,0j,0j,0j,0j,0j,0j,0j,0j,0j,0j,0j,0j,0j,0j,0j,0j,0j,0j,0j,0j,0j,0j,0j,0j,0j,0j,0j,0j,0j,0j,0j,0j,0j,0j,0j,0j,0j,0j,0j,0j,0j,0j,0j
0j,-2.1213203435596424j,(-1.3599999999999999+0j),-2.449489742783178j,0j,0j,0j,0j,0j,0j,0j,0j,0j,1.5811388300841898j,0j,0j,0j,0j,0j,0j,0j,0j,0j,0j,0j,0j,0j,0j,0j,0j,0j,0j,0j,0j,0j,0j,0j,0j,0j,0j,0j,0j,0j,0j,0j,0j,0j,0j,0j,0j,0j,0j,0j,0j,0j,0j,0j,0j,0j,0j,0j,0j,0j,0j,0j,0j,0j,0j,0j,0j,0j,0j,0j,0j,0j,0j,0j,0j,0j,0j,0j,0j,0j,0j,0j,0j,0j,0j,0j,0j,0j,0j,0j,0j,0j,0j,0j,0j,0j,0j,0j,0j,0j,0j,0j,0j,0j,0j,0j,0j,0j,0j,0j,0j,0j,0j,0j,0j,0j,0j,0j
0j,0j,-2.449489742783178j,(-1.5200000000000002+0j),-2.6457513110645907j,0j,0j,0j,0j,0j,0j,0j,0j,0j,1.5811388300841898j,0j,0j,0j,0j,0j,0j,0j,0j,0j,0j,0j,0j,0j,0j,0j,0j,0j,0j,0j,0j,0j,0j,0j,0j,0j,0j,0j,0j,0j,0j,0j,0j,0j,0j,0j,0j,0j,0j,0j,0j,0j,0j,0j,0j,0j,0j,0j,0j,0j,0j,0j,0j,0j,0j,0j,0j,0j,0j,0j,0j,0j,0j,0j,0j,0j,0j,0j,0j,0j,0j,0j,0j,0j,0j,0j,0j,0j,0j,0j,0j,0j,0j,0j,0j,0j,0j,0j,0j,0j,0j,0j,0j,0j,0j,0j,0j,0j,0j,0j,0j,0j,0j,0j,0j,0j,0j
0j,0j,0j,-2.6457513110645907j,(-1.6000000000000003+0j),-2.7386127875258306j,0j,0j,0j,0j,0j,0j,0j,0j,0j,1.5811388300841898j,0j,0j,0j,0j,0j,0j,0j,0j,0j,0j,0j,0j,0j,0j,0j,0j,0j,0j,0j,0j,0j,0j,0j,0j,0j,0j,0j,0j,0j,0j,0j,0j,0j,0j,0j,0j,0j,0j,0j,0j,0j,0j,0j,0j,0j,0j,0j,0j,0j,0j,0j,0j,0j,0j,0j,0j,0j,0j,0j,0j,0j,0j,0j,0j,0j,0j,0j,0j,0j,0j,0j,0j,0j,0j,0j,0j,0j,0j,0j,0j,0j,0j,0j,0j,0j,0j,0j,0j,0j,0j,0j,0j,0j,0j,0j,0j,0j,0j,0j,0j,0j,0j,0j,0j,0j
0j,0j,0j,0j,-2.7386127875258306j,(-1.6000000000000003+0j),-2.7386127875258306j,0j,0j,0j,0j,0j,0j,0j,0j,0j,1.5811388300841898j,0j,0j,0j,0j,0j,0j,0j,0j,0j,0j,0j,0j,0j,0j,0j,0j,0j,0j,0j,0j,0j,0j,0j,0j,0j,0j,0j,0j,0j,0j,0j,0j,0j,0j,0j,0j,0j,0j,0j,0j,0j,0j,0j,0j,0j,0j,0j,0j,0j,0j,0j,0j,0j,0j,0j,0j,0j,0j,0j,0j,0j,0j,0j,0j,0j,0j,0j,0j,0j,0j,0j,0j,0j,0j,0j,0j,0j,0j,0j,0j,0j,0j,0j,0j,0j,0j,0j,0j,0j,0j,0j,0j,0j,0j,0j,0j,0j,0j,0j,0j,0j,0j,0j,0j
0j,0j,0j,0j,0j,-2.7386127875258306j,(-1.5200000000000002+0j),-2.6457513110645907j,0j,0j,0j,0j,0j,0j,0j,0j,0j,1.5811388300841898j,0j,0j,0j,0j,0j,0j,0j,0j,0j,0j,0j,0j,0j,0j,0j,0j,0j,0j,0j,0j,0j,0j,0j,0j,0j,0j,0j,0j,0j,0j,0j,0j,0j,0j,0j,0j,0j,0j,0j,0j,0j,0j,0j,0j,0j,0j,0j,0j,0j,0j,0j,0j,0j,0j,0j,0j,0j,0j,0j,0j,0j,0j,0j,0j,0j,0j,0j,0j,0j,0j,0j,0j,0j,0j,0j,0j,0j,0j,0j,0j,0j,0j,0j,0j,0j,0j,0j,0j,0j,0j,0j,0j,0j,0j,0j,0j,0j,0j,0j,0j,0j,0j,0j
0j,0j,0j,0j,0j,0j,-2.6457513110645907j,(-1.3599999999999999+0j),-2.449489742783178j,0j,0j,0j,0j,0j,0j,0j,0j,0j,1.5811388300841898j,0j,0j,0j,0j,0j,0j,0j,0j,0j,0j,0j,0j,0j,0j,0j,0j,0j,0j,0j,0j,0j,0j,0j,0j,0j,0j,0j,0j,0j,0j,0j,0j,0j,0j,0j,0j,0j,0j,0j,0j,0j,0j,0j,0j,0j,0j,0j,0j,0j,0j,0j,0j,0j,0j,0j,0j,0j,0j,0j,0j,0j,0j,0j,0j,0j,0j,0j,0j,0j,0j,0j,0j,0j,0j,0j,0j,0j,0j,0j,0j,0j,0j,0j,0j,0j,0j,0j,0j,0j,0j,0j,0j,0j,0j,0j,0j,0j,0j,0j,0j,0j,0j
0j,0j,0j,0j,0j,0j,0j,-2.449489742783178j,(-1.12+0j),-2.1213203435596424j,0j,0j,0j,0j,0j,0j,0j,0j,0j,1.5811388300841898j,0j,0j,0j,0j,0j,0j,0j,0j,0j,0j,0j,0j,0j,0j,0j,0j,0j,0j,0j,0j,0j,0j,0j,0j,0j,0j,0j,0j,0j,0j,0j,0j,0j,0j,0j,0j,0j,0j,0j,0j,0j,0j,0j,0j,0j,0j,0j,0j,0j,0j,0j,0j,0j,0j,0j,0j,0j,0j,0j,0j,0j,0j,0j,0j,0j,0j,0j,0j,0j,0j,0j,0j,0j,0j,0j,0j,0j,0j,0j,0j,0j,0j,0j,0j,0j,0j,0j,0j,0j,0j,0j,0j,0j,0j,0j,0j,0j,0j,0j,0j,0j
0j,0j,0j,0j,0j,0j,0j,0j,-2.1213203435596424j,(-0.8000000000000002+0j),-1.5811388300841898j,0j,0j,0j,0j,0j,0j,0j,0j,0j,1.5811388300841898j,0j,0j,0j,0j,0j,0j,0j,0j,0j,0j,0j,0j,0j,0j,0j,0j,0j,0j,0j,0j,0j,0j,0j,0j,0j,0j,0j,0j,0j,0j,0j,0j,0j,0j,0j,0j,0j,0j,0j,0j,0j,0j,0j,0j,0j,0j,0j,0j,0j,0j,0j,0j,0j,0j,0j,0j,0j,0j,0j,0j,0j,0j,0j,0j,0j,0j,0j,0j,0j,0j,0j,0j,0j,0j,0j,0j,0j,0j,0j,0j,0j,0j,0j,0j,0j,0j,0j,0j,0j,0j,0j,0j,0j,0j,0j,0j,0j,0j,0j,0j
0j,0j,0j,0j,0j,0j,0j,0j,0j,-1.5811388300841898j,(-0.4000000000000001+0j),0j,0j,0j,0j,0j,0j,0j,0j,0j,0j,1.5811388300841898j,0j,0j,0j,0j,0j,0j,0j,0j,0j,0j,0j,0j,0j,0j,0j,0j,0j,0j,0j,0j,0j,0j,0j,0j,0j,0j,0j,0j,0j,0j,0j,0j,0j,0j,0j,0j,0j,0j,0j,0j,0j,0j,0j,0j,0j,0j,0j,0j,0j,0j,0j,0j,0j,0j,0j,0j,0j,0j,0j,0j,0j,0j,0j,0j,0j,0j,0j,0j,0j,0j,0j,0j,0j,0j,0j,0j,0j,0j,0j,0j,0j,0j,0j,0j,0j,0j,0j,0j,0j,0j,0j,0j,0j,0j,0j,0j,0j,0j,0j
1.5811388300841898j,0j,0j,0j,0j,0j,0j,0j,0j,0j,0j,(-1.12+0j),-1.5811388300841898j,0j,0j,0j,0j,0j,0j,0j,0j,0j,2.1213203435596424j,0j,0j,0j,0j,0j,0j,0j,0j,0j,0j,0j,0j,0j,0j,0j,0j,0j,0j,0j,0j,0j,0j,0j,0j,0j,0j,0j,0j,0j,0j,0j,0j,0j,0j,0j,0j,0j,0j,0j,0j,0j,0j,0j,0j,0j,0j,0j,0j,0j,0j,0j,0j,0j,0j,0j,0j,0j,0j,0j,0j,0j,0j,0j,0j,0j,0j,0j,0j,0j,0j,0j,0j,0j,0j,0j,0j,0j,0j,0j,0j,0j,0j,0j,0j,0j,0j,0j,0j,0j,0j,0j,0j,0j,0j,0j,0j,0j,0j
(0.8000000000000002+0j),1.5811388300841898j,0j,0j,0j,0j,0j,0j,0j,0j,0j,-1.5811388300841898j,(-1.44+0j),-2.1213203435596424j,0j,0j,0j,0j,0j,0j,0j,0j,0j,2.1213203435596424j,0j,0j,0j,0j,0j,0j,0j,0j,0j,0j,0j,0j,0j,0j,0j,0j,0j,0j,0j,0j,0j,0j,0j,0j,0j,0j,0j,0j,0j,0j,0j,0j,0j,0j,0j,0j,0j,0j,0j,0j,0j,0j,0j,0j,0j,0j,0j,0j,0j,0j,0j,0j,0j,0j,0j,0j,0j,0j,0j,0j,0j,0j,0j,0j,0j,0j,0j,0j,0j,0j,0j,0j,0j,0j,0j,0j,0j,0j,0j,0j,0j,0j,0j,0j,0j,0j,0j,0j,0j,0j,0j,0j,0j,0j,0j,0j,0j
0j,(1.0733126291998991+0j),1.5811388300841898j,0j,0j,0j,0j,0j,0j,0j,0j,0j,-2.1213203435596424j,(-1.6799999999999997+0j),-2.449489742783178j,0j,0j,0j,0j,0j,0j,0j,0j,0j,2.1213203435596424j,0j,0j,0j,0j,0j,0j,0j,0j,0j,0j,0j,0j,0j,0j,0j,0j,0j,0j,0j,0j,0j,0j,0j,0j,0j,0j,0j,0j,0j,0j,0j,0j,0j,0j,0j,0j,0j,0j,0j,0j,0j,0j,0j,0j,0j,0j,0j,0j,0j,0j,0j,0j,0j,0j,0j,0j,0j,0j,0j,0j,0j,0j,0j,0j,0j,0j,0j,0j,0j,0j,0j,0j,0j,0j,0j,0j,0j,0j,0j,0j,0j,0j,0j,0j,0j,0j,0j,0j,0j,0j,0j,0j,0j,0j,0j,0j
0j,0j,(1.2393546707863734+0j),1.5811388300841898j,0j,0j,0j,0j,0j,0j,0j,0j,0j,-2.449489742783178j,(-1.84+0j),-2.6457513110645907j,0j,0j,0j,0j,0j,0j,0j,0j,0j,2.1213203435596424j,0j,0j,0j,0j,0j,0j,0j,0j,0j,0j,0j,0j,0j,0j,0j,0j,0j,0j,0j,0j,0j,0j,0j,0j,0j,0j,0j,0j,0j,0j,0j,0j,0j,0j,0j,0j,0j,0j,0j,0j,0j,0j,0j,0j,0j,0j,0j,0j,0j,0j,0j,0j,0j,0j,0j,0j,0j,0j,0j,0j,0j,0j,0j,0j,0j,0j,0j,0j,0j,0j,0j,0j,0j,0j,0j,0j,0j,0j,0j,0j,0j,0j,0j,0j,0j,0j,0j,0j,0j,0j,0j,0j,0j,0j,0j
0j,0j,0j,(1.338656042454521+0j),1.5811388300841898j,0j,0j,0j,0j,0j,0j,0j,0j,0j,-2.6457513110645907j,(-1.9200000000000002+0j),-2.7386127875258306j,0j,0j,0j,0j,0j,0j,0j,0j,0j,2.1213203435596424j,0j,0j,0j,0j,0j,0j,0j,0j,0j,0j,0j,0j,0j,0j,0j,0j,0j,0j,0j,0j,0j,0j,0j,0j,0j,0j,0j,0j,0j,0j,0j,0j,0j,0j,0j,0j,0j,0j,0j,0j,0j,0j,0j,0j,0j,0j,0j,0j,0j,0j,0j,0j,0j,0j,0j,0j,0j,0j,0j,0j,0j,0j,0j,0j,0j,0j,0j,0j,0j,0j,0j,0j,0j,0j,0j,0j,0j,0j,0j,0j,0j,0j,0j,0j,0j,0j,0j,0j,0j,0j,0j,0j,0j,0j
0j,0j,0j,0j,(1.385640646055102+0j),1.5811388300841898j,0j,0j,0j,0j,0j,0j,0j,0j,0j,-2.7386127875258306j,(-1.9200000000000002+0j),-2.7386127875258306j,0j,0j,0j,0j,0j,0j,0j,0j,0j,2.1213203435596424j,0j,0j,0j,0j,0j,0j,0j,0j,0j,0j,0j,0j,0j,0j,0j,0j,0j,0j,0j,0j,0j,0j,0j,0j,0j,0j,0j,0j,0j,0j,0j,0j,0j,0j,0j,0j,0j,0j,0j,0j,0j,0j,0j,0j,0j,0j,0j,0j,0j,0j,0j,0j,0j,0j,0j,0j,0j,0j,0j,0j,0j,0j,0j,0j,0j,0j,0j,0j,0j,0j,0j,0j,0j,0j,0j,0j,0j,0j,0j,0j,0j,0j,0j,0j,0j,0j,0j,0j,0j,0j,0j,0j,0j
0j,0j,0j,0j,0j,(1.385640646055102+0j),1.5811388300841898j,0j,0j,0j,0j,0j,0j,0j,0j,0j,-2.7386127875258306j,(-1.84+0j),-2.6457513110645907j,0j,0j,0j,0j,0j,0j,0j,0j,0j,2.1213203435596424j,0j,0j,0j,0j,0j,0j,0j,0j,0j,0j,0j,0j,0j,0j,0j,0j,0j,0j,0j,0j,0j,0j,0j,0j,0j,0j,0j,0j,0j,0j,0j,0j,0j,0j,0j,0j,0j,0j,0j,0j,0j,0j,0j,0j,0j,0j,0j,0j,0j,0j,0j,0j,0j,0j,0j,0j,0j,0j,0j,0j,0j,0j,0j,0j,0j,0j,0j,0j,0j,0j,0j,0j,0j,0j,0j,0j,0j,0j,0j,0j,0j,0j,0j,0j,0j,0j,0j,0j,0j,0j,0j,0j
0j,0j,0j,0j,0j,0j,(1.338656042454521+0j),1.5811388300841898j,0j,0j,0j,0j,0j,0j,0j,0j,0j,-2.6457513110645907j,(-1.6799999999999997+0j),-2.449489742783178j,0j,0j,0j,0j,0j,0j,0j,0j,0j,2.1213203435596424j,0j,0j,0j,0j,0j,0j,0j,0j,0j,0j,0j,0j,0j,0j,0j,0j,0j,0j,0j,0j,0j,0j,0j,0j,0j,0j,0j,0j,0j,0j,0j,0j,0j,0j,0j,0j,0j,0j,0j,0j,0j,0j,0j,0j,0j,0j,0j,0j,0j,0j,0j,0j,0j,0j,0j,0j,0j,0j,0j,0j,0j,0j,0j,0j,0j,0j,0j,0j,0j,0j,0j,0j,0j,0j,0j,0j,0j,0j,0j,0j,0j,0j,0j,0j,0j,0j,0j,0j,0j,0j,0j
0j,0j,0j,0j,0j,0j,0j,(1.2393546707863734+0j),1.5811388300841898j,0j,0j,0j,0j,0j,0j,0j,0j,0j,-2.449489742783178j,(-1.44+0j),-2.1213203435596424j,0j,0j,0j,0j,0j,0j,0j,0j,0j,2.1213203435596424j,0j,0j,0j,0j,0j,0j,0j,0j,0j,0j,0j,0j,0j,0j,0j,0j,0j,0j,0j,0j,0j,0j,0j,0j,0j,0j,0j,0j,0j,0j,0j,0j,0j,0j,0j,0j,0j,0j,0j,0j,0j,0j,0j,0j,0j,0j,0j,0j,0j,0j,0j,0j,0j,0j,0j,0j,0j,0j,0j,0j,0j,0j,0j,0j,0j,0j,0j,0j,0j,0j,0j,0j,0j,0j,0j,0j,0j,0j,0j,0j,0j,0j,0j,0j,0j,0j,0j,0j,0j,0j
0j,0j,0j,0j,0j,0j,0j,0j,(1.0733126291998991+0j),1.5811388300841898j,0j,0j,0j,0j,0j,0j,0j,0j,0j,-2.1213203435596424j,(-1.12+0j),-1.5811388300841898j,0j,0j,0j,0j,0j,0j,0j,0j,0j,2.1213203435596424j,0j,0j,0j,0j,0j,0j,0j,0j,0j,0j,0j,0j,0j,0j,0j,0j,0j,0j,0j,0j,0j,0j,0j,0j,0j,0j,0j,0j,0j,0j,0j,0j,0j,0j,0j,0j,0j,0j,0j,0j,0j,0j,0j,0j,0j,0j,0j,0j,0j,0j,0j,0j,0j,0j,0j,0j,0j,0j,0j,0j,0j,0j,0j,0j,0j,0j,0j,0j,0j,0j,0j,0j,0j,0j,0j,0j,0j,0j,0j,0j,0j,0j,0j,0j,0j,0j,0j,0j,0j
0j,0j,0j,0j,0j,0j,0j,0j,0j,(0.8000000000000002+0j),1.5811388300841898j,0j,0j,0j,0j,0j,0j,0j,0j,0j,-1.5811388300841898j,(-0.72+0j),0j,0j,0j,0j,0j,0j,0j,0j,0j,0j,2.1213203435596424j,0j,0j,0j,0j,0j,0j,0j,0j,0j,0j,0j,0j,0j,0j,0j,0j,0j,0j,0j,0j,0j,0j,0j,0j,0j,0j,0j,0j,0j,0j,0j,0j,0j,0j,0j,0j,0j,0j,0j,0j,0j,0j,0j,0j,0j,0j,0j,0j,0j,0j,0j,0j,0j,0j,0j,0j,0j,0j,0j,0j,0j,0j,0j,0j,0j,0j,0j,0j,0j,0j,0j,0j,0j,0j,0j,0j,0j,0j,0j,0j,0j,0j,0j,0j,0j,0j,0j,0j
0j,0j,0j,0j,0j,0j,0j,0j,0j,0j,0j,2.1213203435596424j,0j,0j,0j,0j,0j,0j,0j,0j,0j,0j,(-1.3599999999999999+0j),-1.5811388300841898j,0j,0j,0j,0j,0j,0j,0j,0j,0j,2.449489742783178j,0j,0j,0j,0j,0j,0j,0j,0j,0j,0j,0j,0j,0j,0j,0j,0j,0j,0j,0j,0j,0j,0j,0j,0j,0j,0j,0j,0j,0j,0j,0j,0j,0j,0j,0j,0j,0j,0j,0j,0j,0j,0j,0j,0j,0j,0j,0j,0j,0j,0j,0j,0j,0j,0j,0j,0j,0j,0j,0j,0j,0j,0j,0j,0j,0j,0j,0j,0j,0j,0j,0j,0j,0j,0j,0j,0j,0j,0j,0j,0j,0j,0j,0j,0j,0j,0j,0j
0j,0j,0j,0j,0j,0j,0j,0j,0j,0j,0j,(1.0733126291998991+0j),2.1213203435596424j,0j,0j,0j,0j,0j,0j,0j,0j,0j,-1.5811388300841898j,(-1.6799999999999997+0j),-2.1213203435596424j,0j,0j,0j,0j,0j,0j,0j,0j,0j,2.449489742783178j,0j,0j,0j,0j,0j,0j,0j,0j,0j,0j,0j,0j,0j,0j,0j,0j,0j,0j,0j,0j,0j,0j,0j,0j,0j,0j,0j,0j,0j,0j,0j,0j,0j,0j,0j,0j,0j,0j,0j,0j,0j,0j,0j,0j,0j,0j,0j,0j,0j,0j,0j,0j,0j,0j,0j,0j,0j,0j,0j,0j,0j,0j,0j,0j,0j,0j,0j,0j,0j,0j,0j,0j,0j,0j,0j,0j,0j,0j,0j,0j,0j,0j,0j,0j,0j,0j
0j,0j,0j,0j,0j,0j,0j,0j,0j,0j,0j,0j,(1.44+0j),2.1213203435596424j,0j,0j,0j,0j,0j,0j,0j,0j,0j,-2.1213203435596424j,(-1.9199999999999995+0j),-2.449489742783178j,0j,0j,0j,0j,0j,0j,0j,0j,0j,2.449489742783178j,0j,0j,0j,0j,0j,0j,0j,0j,0j,0j,0j,0j,0j,0j,0j,0j,0j,0j,0j,0j,0j,0j,0j,0j,0j,0j,0j,0j,0j,0j,0j,0j,0j,0j,0j,0j,0j,0j,0j,0j,0j,0j,0j,0j,0j,0j,0j,0j,0j,0j,0j,0j,0j,0j,0j,0j,0j,0j,0j,0j,0j,0j,0j,0j,0j,0j,0j,0j,0j,0j,0j,0j,0j,0j,0j,0j,0j,0j,0j,0j,0j,0j,0j,0j,0j
0j,0j,0j,0j,0j,0j,0j,0j,0j,0j,0j,0j,0j,(1.662768775266122+0j),2.1213203435596424j,0j,0j,0j,0j,0j,0j,0j,0j,0j,-2.449489742783178j,(-2.08+0j),-2.6457513110645907j,0j,0j,0j,0j,0j,0j,0j,0j,0j,2.449489742783178j,0j,0j,0j,0j,0j,0j,0j,0j,0j,0j,0j,0j,0j,0j,0j,0j,0j,0j,0j,0j,0j,0j,0j,0j,0j,0j,0j,0j,0j,0j,0j,0j,0j,0j,0j,0j,0j,0j,0j,0j,0j,0j,0j,0j,0j,0j,0j,0j,0j,0j,0j,0j,0j,0j,0j,0j,0j,0j,0j,0j,0j,0j,0j,0j,0j,0j,0j,0j,0j,0j,0j,0j,0j,0j,0j,0j,0j,0j,0j,0j,0j,0j,0j,0j
0j,0j,0j,0j,0j,0j,0j,0j,0j,0j,0j,0j,0j,0j,(1.795995545651492+0j),2.1213203435596424j,0j,0j,0j,0j,0j,0j,0j,0j,0j,-2.6457513110645907j,(-2.16+0j),-2.7386127875258306j,0j,0j,0j,0j,0j,0j,0j,0j,0j,2.449489742783178j,0j,0j,0j,0j,0j,0j,0j,0j,0j,0j,0j,0j,0j,0j,0j,0j,0j,0j,0j,0j,0j,0j,0j,0j,0j,0j,0j,0j,0j,0j,0j,0j,0j,0j,0j,0j,0j,0j,0j,0j,0j,0j,0j,0j,0j,0j,0j,0j,0j,0j,0j,0j,0j,0j,0j,0j,0j,0j,0j,0j,0j,0j,0j,0j,0j,0j,0j,0j,0j,0j,0j,0j,0j,0j,0j,0j,0j,0j,0j,0j,0j,0j,0j
0j,0j,0j,0j,0j,0j,0j,0j,0j,0j,0j,0j,0j,0j,0j,(1.85903200617956+0j),2.1213203435596424j,0j,0j,0j,0j,0j,0j,0j,0j,0j,-2.7386127875258306j,(-2.16+0j),-2.7386127875258306j,0j,0j,0j,0j,0j,0j,0j,0j,0j,2.449489742783178j,0j,0j,0j,0j,0j,0j,0j,0j,0j,0j,0j,0j,0j,0j,0j,0j,0j,0j,0j,0j,0j,0j,0j,0j,0j,0j,0j,0j,0j,0j,0j,0j,0j,0j,0j,0j,0j,0j,0j,0j,0j,0j,0j,0j,0j,0j,0j,0j,0j,0j,0j,0j,0j,0j,0j,0j,0j,0j,0j,0j,0j,0j,0j,0j,0j,0j,0j,0j,0j,0j,0j,0j,0j,0j,0j,0j,0j,0j,0j,0j,0j,0j
0j,0j,0j,0j,0j,0j,0j,0j,0j,0j,0j,0j,0j,0j,0j,0j,(1.85903200617956+0j),2.1213203435596424j,0j,0j,0j,0j,0j,0j,0j,0j,0j,-2.7386127875258306j,(-2.08+0j),-2.6457513110645907j,0j,0j,0j,0j,0j,0j,0j,0j,0j,2.449489742783178j,0j,0j,0j,0j,0j,0j,0j,0j,0j,0j,0j,0j,0j,0j,0j,0j,0j,0j,0j,0j,0j,0j,0j,0j,0j,0j,0j,0j,0j,0j,0j,0j,0j,0j,0j,0j,0j,0j,0j,0j,0j,0j,0j,0j,0j,0j,0j,0j,0j,0j,0j,0j,0j,0j,0j,0j,0j,0j,0j,0j,0j,0j,0j,0j,0j,0j,0j,0j,0j,0j,0j,0j,0j,0j,0j,0j,0j,0j,0j,0j,0j
0j,0j,0j,0j,0j,0j,0j,0j,0j,0j,0j,0j,0j,0j,0j,0j,0j,(1.795995545651492+0j),2.1213203435596424j,0j,0j,0j,0j,0j,0j,0j,0j,0j,-2.6457513110645907j,(-1.9199999999999995+0j),-2.449489742783178j,0j,0j,0j,0j,0j,0j,0j,0j,0j,2.449489742783178j,0j,0j,0j,0j,0j,0j,0j,0j,0j,0j,0j,0j,0j,0j,0j,0j,0j,0j,0j,0j,0j,0j,0j,0j,0j,0j,0j,0j,0j,0j,0j,0j,0j,0j,0j,0j,0j,0j,0j,0j,0j,0j,0j,0j,0j,0j,0j,0j,0j,0j,0j,0j,0j,0j,0j,0j,0j,0j,0j,0j,0j,0j,0j,0j,0j,0j,0j,0j,0j,0j,0j,0j,0j,0j,0j,0j,0j,0j,0j,0j
0j,0j,0j,0j,0j,0j,0j,0j,0j,0j,0j,0j,0j,0j,0j,0j,0j,0j,(1.662768775266122+0j),2.1213203435596424j,0j,0j,0j,0j,0j,0j,0j,0j,0j,-2.449489742783178j,(-1.6799999999999997+0j),-2.1213203435596424j,0j,0j,0j,0j,0j,0j,0j,0j,0j,2.449489742783178j,0j,0j,0j,0j,0j,0j,0j,0j,0j,0j,0j,0j,0j,0j,0j,0j,0j,0j,0j,0j,0j,0j,0j,0j,0j,0j,0j,0j,0j,0j,0j,0j,0j,0j,0j,0j,0j,0j,0j,0j,0j,0j,0j,0j,0j,0j,0j,0j,0j,0j,0j,0j,0j,0j,0j,0j,0j,0j,0j,0j,0j,0j,0j,0j,0j,0j,0j,0j,0j,0j,0j,0j,0j,0j,0j,0j,0j,0j,0j
0j,0j,0j,0j,0j,0j,0j,0j,0j,0j,0j,0j,0j,0j,0j,0j,0j,0j,0j,(1.44+0j),2.1213203435596424j,0j,0j,0j,0j,0j,0j,0j,0j,0j,-2.1213203435596424j,(-1.3599999999999999+0j),-1.5811388300841898j,0j,0j,0j,0j,0j,0j,0j,0j,0j,2.449489742783178j,0j,0j,0j,0j,0j,0j,0j,0j,0j,0j,0j,0j,0j,0j,0j,0j,0j,0j,0j,0j,0j,0j,0j,0j,0j,0j,0j,0j,0j,0j,0j,0j,0j,0j,0j,0j,0j,0j,0j,0j,0j,0j,0j,0j,0j,0j,0j,0j,0j,0j,0j,0j,0j,0j,0j,0j,0j,0j,0j,0j,0j,0j,0j,0j,0j,0j,0j,0j,0j,0j,0j,0j,0j,0j,0j,0j,0j,0j
0j,0j,0j,0j,0j,0j,0j,0j,0j,0j,0j,0j,0j,0j,0j,0j,0j,0j,0j,0j,(1.0733126291998991+0j),2.1213203435596424j,0j,0j,0j,0j,0j,0j,0j,0j,0j,-1.5811388300841898j,(-0.9599999999999997+0j),0j,0j,0j,0j,0j,0j,0j,0j,0j,0j,2.449489742783178j,0j,0j,0j,0j,0j,0j,0j,0j,0j,0j,0j,0j,0j,0j,0j,0j,0j,0j,0j,0j,0j,0j,0j,0j,0j,0j,0j,0j,0j,0j,0j,0j,0j,0j,0j,0j,0j,0j,0j,0j,0j,0j,0j,0j,0j,0j,0j,0j,0j,0j,0j,0j,0j,0j,0j,0j,0j,0j,0j,0j,0j,0j,0j,0j,0j,0j,0j,0j,0j,0j,0j,0j,0j,0j,0j,0j,0j
0j,0j,0j,0j,0j,0j,0j,0j,0j,0j,0j,0j,0j,0j,0j,0j,0j,0j,0j,0j,0j,0j,2.449489742783178j,0j,0j,0j,0j,0j,0j,0j,0j,0j,0j,(-1.5200000000000002+0j),-1.5811388300841898j,0j,0j,0j,0j,0j,0j,0j,0j,0j,2.6457513110645907j,0j,0j,0j,0j,0j,0j,0j,0j,0j,0j,0j,0j,0j,0j,0j,0j,0j,0j,0j,0j,0j,0j,0j,0j,0j,0j,0j,0j,0j,0j,0j,0j,0j,0j,0j,0j,0j,0j,0j,0j,0j,0j,0j,0j,0j,0j,0j,0j,0j,0j,0j,0j,0j,0j,0j,0j,0j,0j,0j,0j,0j,0j,0j,0j,0j,0j,0j,0j,0j,0j,0j,0j,0j,0j,0j,0j
0j,0j,0j,0j,0j,0j,0j,0j,0j,0j,0j,0j,0j,0j,0j,0j,0j,0j,0j,0j,0j,0j,(1.2393546707863734+0j),2.449489742783178j,0j,0j,0j,0j,0j,0j,0j,0j,0j,-1.5811388300841898j,(-1.84+0j),-2.1213203435596424j,0j,0j,0j,0j,0j,0j,0j,0j,0j,2.6457513110645907j,0j,0j,0j,0j,0j,0j,0j,0j,0j,0j,0j,0j,0j,0j,0j,0j,0j,0j,0j,0j,0j,0j,0j,0j,0j,0j,0j,0j,0j,0j,0j,0j,0j,0j,0j,0j,0j,0j,0j,0j,0j,0j,0j,0j,0j,0j,0j,0j,0j,0j,0j,0j,0j,0j,0j,0j,0j,0j,0j,0j,0j,0j,0j,0j,0j,0j,0j,0j,0j,0j,0j,0j,0j,0j,0j
0j,0j,0j,0j,0j,0j,0j,0j,0j,0j,0j,0j,0j,0j,0j,0j,0j,0j,0j,0j,0j,0j,0j,(1.662768775266122+0j),2.449489742783178j,0j,0j,0j,0j,0j,0j,0j,0j,0j,-2.1213203435596424j,(-2.08+0j),-2.449489742783178j,0j,0j,0j,0j,0j,0j,0j,0j,0j,2.6457513110645907j,0j,0j,0j,0j,0j,0j,0j,0j,0j,0j,0j,0j,0j,0j,0j,0j,0j,0j,0j,0j,0j,0j,0j,0j,0j,0j,0j,0j,0j,0j,0j,0j,0j,0j,0j,0j,0j,0j,0j,0j,0j,0j,0j,0j,0j,0j,0j,0j,0j,0j,0j,0j,0j,0j,0j,0j,0j,0j,0j,0j,0j,0j,0j,0j,0j,0j,0j,0j,0j,0j,0j,0j,0j,0j
0j,0j,0j,0j,0j,0j,0j,0j,0j,0j,0j,0j,0j,0j,0j,0j,0j,0j,0j,0j,0j,0j,0j,0j,(1.9199999999999995+0j),2.449489742783178j,0j,0j,0j,0j,0j,0j,0j,0j,0j,-2.449489742783178j,(-2.24+0j),-2.6457513110645907j,0j,0j,0j,0j,0j,0j,0j,0j,0j,2.6457513110645907j,0j,0j,0j,0j,0j,0j,0j,0j,0j,0j,0j,0j,0j,0j,0j,0j,0j,0j,0j,0j,0j,0j,0j,0j,0j,0j,0j,0j,0j,0j,0j,0j,0j,0j,0j,0j,0j,0j,0j,0j,0j,0j,0j,0j,0j,0j,0j,0j,0j,0j,0j,0j,0j,0j,0j,0j,0j,0j,0j,0j,0j,0j,0j,0j,0j,0j,0j,0j,0j,0j,0j,0j,0j
0j,0j,0j,0j,0j,0j,0j,0j,0j,0j,0j,0j,0j,0j,0j,0j,0j,0j,0j,0j,0j,0j,0j,0j,0j,(2.073837023490515+0j),2.449489742783178j,0j,0j,0j,0j,0j,0j,0j,0j,0j,-2.6457513110645907j,(-2.3200000000000003+0j),-2.7386127875258306j,0j,0j,0j,0j,0j,0j,0j,0j,0j,2.6457513110645907j,0j,0j,0j,0j,0j,0j,0j,0j,0j,0j,0j,0j,0j,0j,0j,0j,0j,0j,0j,0j,0j,0j,0j,0j,0j,0j,0j,0j,0j,0j,0j,0j,0j,0j,0j,0j,0j,0j,0j,0j,0j,0j,0j,0j,0j,0j,0j,0j,0j,0j,0j,0j,0j,0j,0j,0j,0j,0j,0j,0j,0j,0j,0j,0j,0j,0j,0j,0j,0j,0j,0j,0j
0j,0j,0j,0j,0j,0j,0j,0j,0j,0j,0j,0j,0j,0j,0j,0j,0j,0j,0j,0j,0j,0j,0j,0j,0j,0j,(2.146625258399798+0j),2.449489742783178j,0j,0j,0j,0j,0j,0j,0j,0j,0j,-2.7386127875258306j,(-2.3200000000000003+0j),-2.7386127875258306j,0j,0j,0j,0j,0j,0j,0j,0j,0j,2.6457513110645907j,0j,0j,0j,0j,0j,0j,0j,0j,0j,0j,0j,0j,0j,0j,0j,0j,0j,0j,0j,0j,0j,0j,0j,0j,0j,0j,0j,0j,0j,0j,0j,0j,0j,0j,0j,0j,0j,0j,0j,0j,0j,0j,0j,0j,0j,0j,0j,0j,0j,0j,0j,0j,0j,0j,0j,0j,0j,0j,0j,0j,0j,0j,0j,0j,0j,0j,0j,0j,0j,0j,0j
0j,0j,0j,0j,0j,0j,0j,0j,0j,0j,0j,0j,0j,0j,0j,0j,0j,0j,0j,0j,0j,0j,0j,0j,0j,0j,0j,(2.146625258399798+0j),2.449489742783178j,0j,0j,0j,0j,0j,0j,0j,0j,0j,-2.7386127875258306j,(-2.24+0j),-2.6457513110645907j,0j,0j,0j,0j,0j,0j,0j,0j,0j,2.6457513110645907j,0j,0j,0j,0j,0j,0j,0j,0j,0j,0j,0j,0j,0j,0j,0j,0j,0j,0j,0j,0j,0j,0j,0j,0j,0j,0j,0j,0j,0j,0j,0j,0j,0j,0j,0j,0j,0j,0j,0j,0j,0j,0j,0j,0j,0j,0j,0j,0j,0j,0j,0j,0j,0j,0j,0j,0j,0j,0j,0j,0j,0j,0j,0j,0j,0j,0j,0j,0j,0j,0j
0j,0j,0j,0j,0j,0j,0j,0j,0j,0j,0j,0j,0j,0j,0j,0j,0j,0j,0j,0j,0j,0j,0j,0j,0j,0j,0j,0j,(2.073837023490515+0j),2.449489742783178j,0j,0j,0j,0j,0j,0j,0j,0j,0j,-2.6457513110645907j,(-2.08+0j),-2.449489742783178j,0j,0j,0j,0j,0j,0j,0j,0j,0j,2.6457513110645907j,0j,0j,0j,0j,0j,0j,0j,0j,0j,0j,0j,0j,0j,0j,0j,0j,0j,0j,0j,0j,0j,0j,0j,0j,0j,0j,0j,0j,0j,0j,0j,0j,0j,0j,0j,0j,0j,0j,0j,0j,0j,0j,0j,0j,0j,0j,0j,0j,0j,0j,0j,0j,0j,0j,0j,0j,0j,0j,0j,0j,0j,0j,0j,0j,0j,0j,0j,0j,0j
0j,0j,0j,0j,0j,0j,0j,0j,0j,0j,0j,0j,0j,0j,0j,0j,0j,0j,0j,0j,0j,0j,0j,0j,0j,0j,0j,0j,0j,(1.9199999999999995+0j),2.449489742783178j,0j,0j,0j,0j,0j,0j,0j,0j,0j,-2.449489742783178j,(-1.84+0j),-2.1213203435596424j,0j,0j,0j,0j,0j,0j,0j,0j,0j,2.6457513110645907j,0j,0j,0j,0j,0j,0j,0j,0j,0j,0j,0j,0j,0j,0j,0j,0j,0j,0j,0j,0j,0j,0j,0j,0j,0j,0j,0j,0j,0j,0j,0j,0j,0j,0j,0j,0j,0j,0j,0j,0j,0j,0j,0j,0j,0j,0j,0j,0j,0j,0j,0j,0j,0j,0j,0j,0j,0j,0j,0j,0j,0j,0j,0j,0j,0j,0j,0j,0j
0j,0j,0j,0j,0j,0j,0j,0j,0j,0j,0j,0j,0j,0j,0j,0j,0j,0j,0j,0j,0j,0j,0j,0j,0j,0j,0j,0j,0j,0j,(1.662768775266122+0j),2.449489742783178j,0j,0j,0j,0j,0j,0j,0j,0j,0j,-2.1213203435596424j,(-1.5200000000000002+0j),-1.5811388300841898j,0j,0j,0j,0j,0j,0j,0j,0j,0j,2.6457513110645907j,0j,0j,0j,0j,0j,0j,0j,0j,0j,0j,0j,0j,0j,0j,0j,0j,0j,0j,0j,0j,0j,0j,0j,0j,0j,0j,0j,0j,0j,0j,0j,0j,0j,0j,0j,0j,0j,0j,0j,0j,0j,0j,0j,0j,0j,0j,0j,0j,0j,0j,0j,0j,0j,0j,0j,0j,0j,0j,0j,0j,0j,0j,0j,0j,0j,0j,0j
0j,0j,0j,0j,0j,0j,0j,0j,0j,0j,0j,0j,0j,0j,0j,0j,0j,0j,0j,0j,0j,0j,0j,0j,0j,0j,0j,0j,0j,0j,0j,(1.2393546707863734+0j),2.449489742783178j,0j,0j,0j,0j,0j,0j,0j,0j,0j,-1.5811388300841898j,(-1.12+0j),0j,0j,0j,0j,0j,0j,0j,0j,0j,0j,2.6457513110645907j,0j,0j,0j,0j,0j,0j,0j,0j,0j,0j,0j,0j,0j,0j,0j,0j,0j,0j,0j,0j,0j,0j,0j,0j,0j,0j,0j,0j,0j,0j,0j,0j,0j,0j,0j,0j,0j,0j,0j,0j,0j,0j,0j,0j,0j,0j,0j,0j,0j,0j,0j,0j,0j,0j,0j,0j,0j,0j,0j,0j,0j,0j,0j,0j,0j,0j
0j,0j,0j,0j,0j,0j,0j,0j,0j,0j,0j,0j,0j,0j,0j,0j,0j,0j,0j,0j,0j,0j,0j,0j,0j,0j,0j,0j,0j,0j,0j,0j,0j,2.6457513110645907j,0j,0j,0j,0j,0j,0j,0j,0j,0j,0j,(-1.6000000000000003+0j),-1.5811388300841898j,0j,0j,0j,0j,0j,0j,0j,0j,0j,2.7386127875258306j,0j,0j,0j,0j,0j,0j,0j,0j,0j,0j,0j,0j,0j,0j,0j,0j,0j,0j,0j,0j,0j,0j,0j,0j,0j,0j,0j,0j,0j,0j,0j,0j,0j,0j,0j,0j,0j,0j,0j,0j,0j,0j,0j,0j,0j,0j,0j,0j,0j,0j,0j,0j,0j,0j,0j,0j,0j,0j,0j,0j,0j,0j,0j,0j,0j
0j,0j,0j,0j,0j,0j,0j,0j,0j,0j,0j,0j,0j,0j,0j,0j,0j,0j,0j,0j,0j,0j,0j,0j,0j,0j,0j,0j,0j,0j,0j,0j,0j,(1.338656042454521+0j),2.6457513110645907j,0j,0j,0j,0j,0j,0j,0j,0j,0j,-1.5811388300841898j,(-1.9200000000000002+0j),-2.1213203435596424j,0j,0j,0j,0j,0j,0j,0j,0j,0j,2.7386127875258306j,0j,0j,0j,0j,0j,0j,0j,0j,0j,0j,0j,0j,0j,0j,0j,0j,0j,0j,0j,0j,0j,0j,0j,0j,0j,0j,0j,0j,0j,0j,0j,0j,0j,0j,0j,0j,0j,0j,0j,0j,0j,0j,0j,0j,0j,0j,0j,0j,0j,0j,0j,0j,0j,0j,0j,0j,0j,0j,0j,0j,0j,0j,0j,0j
0j,0j,0j,0j,0j,0j,0j,0j,0j,0j,0j,0j,0j,0j,0j,0j,0j,0j,0j,0j,0j,0j,0j,0j,0j,0j,0j,0j,0j,0j,0j,0j,0j,0j,(1.795995545651492+0j),2.6457513110645907j,0j,0j,0j,0j,0j,0j,0j,0j,0j,-2.1213203435596424j,(-2.16+0j),-2.449489742783178j,0j,0j,0j,0j,0j,0j,0j,0j,0j,2.7386127875258306j,0j,0j,0j,0j,0j,0j,0j,0j,0j,0j,0j,0j,0j,0j,0j,0j,0j,0j,0j,0j,0j,0j,0j,0j,0j,0j,0j,0j,0j,0j,0j,0j,0j,0j,0j,0j,0j,0j,0j,0j,0j,0j,0j,0j,0j,0j,0j,0j,0j,0j,0j,0j,0j,0j,0j,0j,0j,0j,0j,0j,0j,0j,0j
0j,0j,0j,0j,0j,0j,0j,0j,0j,0j,0j,0j,0j,0j,0j,0j,0j,0j,0j,0j,0j,0j,0j,0j,0j,0j,0j,0j,0j,0j,0j,0j,0j,0j,0j,(2.073837023490515+0j),2.6457513110645907j,0j,0j,0j,0j,0j,0j,0j,0j,0j,-2.449489742783178j,(-2.3200000000000003+0j),-2.6457513110645907j,0j,0j,0j,0j,0j,0j,0j,0j,0j,2.7386127875258306j,0j,0j,0j,0j,0j,0j,0j,0j,0j,0j,0j,0j,0j,0j,0j,0j,0j,0j,0j,0j,0j,0j,0j,0j,0j,0j,0j,0j,0j,0j,0j,0j,0j,0j,0j,0j,0j,0j,0j,0j,0j,0j,0j,0j,0j,0j,0j,0j,0j,0j,0j,0j,0j,0j,0j,0j,0j,0j,0j,0j,0j,0j
0j,0j,0j,0j,0j,0j,0j,0j,0j,0j,0j,0j,0j,0j,0j,0j,0j,0j,0j,0j,0j,0j,0j,0j,0j,0j,0j,0j,0j,0j,0j,0j,0j,0j,0j,0j,(2.24+0j),2.6457513110645907j,0j,0j,0j,0j,0j,0j,0j,0j,0j,-2.6457513110645907j,(-2.4000000000000004+0j),-2.7386127875258306j,0j,0j,0j,0j,0j,0j,0j,0j,0j,2.7386127875258306j,0j,0j,0j,0j,0j,0j,0j,0j,0j,0j,0j,0j,0j,0j,0j,0j,0j,0j,0j,0j,0j,0j,0j,0j,0j,0j,0j,0j,0j,0j,0j,0j,0j,0j,0j,0j,0j,0j,0j,0j,0j,0j,0j,0j,0j,0j,0j,0j,0j,0j,0j,0j,0j,0j,0j,0j,0j,0j,0j,0j,0j
0j,0j,0j,0j,0j,0j,0j,0j,0j,0j,0j,0j,0j,0j,0j,0j,0j,0j,0j,0j,0j,0j,0j,0j,0j,0j,0j,0j,0j,0j,0j,0j,0j,0j,0j,0j,0j,(2.3186202793903106+0j),2.6457513110645907j,0j,0j,0j,0j,0j,0j,0j,0j,0j,-2.7386127875258306j,(-2.4000000000000004+0j),-2.7386127875258306j,0j,0j,0j,0j,0j,0j,0j,0j,0j,2.7386127875258306j,0j,0j,0j,0j,0j,0j,0j,0j,0j,0j,0j,0j,0j,0j,0j,0j,0j,0j,0j,0j,0j,0j,0j,0j,0j,0j,0j,0j,0j,0j,0j,0j,0j,0j,0j,0j,0j,0j,0j,0j,0j,0j,0j,0j,0j,0j,0j,0j,0j,0j,0j,0j,0j,0j,0j,0j,0j,0j,0j,0j
0j,0j,0j,0j,0j,0j,0j,0j,0j,0j,0j,0j,0j,0j,0j,0j,0j,0j,0j,0j,0j,0j,0j,0j,0j,0j,0j,0j,0j,0j,0j,0j,0j,0j,0j,0j,0j,0j,(2.3186202793903106+0j),2.6457513110645907j,0j,0j,0j,0j,0j,0j,0j,0j,0j,-2.7386127875258306j,(-2.3200000000000003+0j),-2.6457513110645907j,0j,0j,0j,0j,0j,0j,0j,0j,0j,2.7386127875258306j,0j,0j,0j,0j,0j,0j,0j,0j,0j,0j,0j,0j,0j,0j,0j,0j,0j,0j,0j,0j,0j,0j,0j,0j,0j,0j,0j,0j,0j,0j,0j,0j,0j,0j,0j,0j,0j,0j,0j,0j,0j,0j,0j,0j,0j,0j,0j,0j,0j,0j,0j,0j,0j,0j,0j,0j,0j,0j,0j
0j,0j,0j,0j,0j,0j,0j,0j,0j,0j,0j,0j,0j,0j,0j,0j,0j,0j,0j,0j,0j,0j,0j,0j,0j,0j,0j,0j,0j,0j,0j,0j,0j,0j,0j,0j,0j,0j,0j,(2.24+0j),2.6457513110645907j,0j,0j,0j,0j,0j,0j,0j,0j,0j,-2.6457513110645907j,(-2.16+0j),-2.449489742783178j,0j,0j,0j,0j,0j,0j,0j,0j,0j,2.7386127875258306j,0j,0j,0j,0j,0j,0j,0j,0j,0j,0j,0j,0j,0j,0j,0j,0j,0j,0j,0j,0j,0j,0j,0j,0j,0j,0j,0j,0j,0j,0j,0j,0j,0j,0j,0j,0j,0j,0j,0j,0j,0j,0j,0j,0j,0j,0j,0j,0j,0j,0j,0j,0j,0j,0j,0j,0j,0j,0j
0j,0j,0j,0j,0j,0j,0j,0j,0j,0j,0j,0j,0j,0j,0j,0j,0j,0j,0j,0j,0j,0j,0j,0j,0j,0j,0j,0j,0j,0j,0j,0j,0j,0j,0j,0j,0j,0j,0j,0j,(2.073837023490515+0j),2.6457513110645907j,0j,0j,0j,0j,0j,0j,0j,0j,0j,-2.449489742783178j,(-1.9200000000000002+0j),-2.1213203435596424j,0j,0j,0j,0j,0j,0j,0j,0j,0j,2.7386127875258306j,0j,0j,0j,0j,0j,0j,0j,0j,0j,0j,0j,0j,0j,0j,0j,0j,0j,0j,0j,0j,0j,0j,0j,0j,0j,0j,0j,0j,0j,0j,0j,0j,0j,0j,0j,0j,0j,0j,0j,0j,0j,0j,0j,0j,0j,0j,0j,0j,0j,0j,0j,0j,0j,0j,0j,0j,0j
0j,0j,0j,0j,0j,0j,0j,0j,0j,0j,0j,0j,0j,0j,0j,0j,0j,0j,0j,0j,0j,0j,0j,0j,0j,0j,0j,0j,0j,0j,0j,0j,0j,0j,0j,0j,0j,0j,0j,0j,0j,(1.795995545651492+0j),2.6457513110645907j,0j,0j,0j,0j,0j,0j,0j,0j,0j,-2.1213203435596424j,(-1.6000000000000003+0j),-1.5811388300841898j,0j,0j,0j,0j,0j,0j,0j,0j,0j,2.7386127875258306j,0j,0j,0j,0j,0j,0j,0j,0j,0j,0j,0j,0j,0j,0j,0j,0j,0j,0j,0j,0j,0j,0j,0j,0j,0j,0j,0j,0j,0j,0j,0j,0j,0j,0j,0j,0j,0j,0j,0j,0j,0j,0j,0j,0j,0j,0j,0j,0j,0j,0j,0j,0j,0j,0j,0j,0j
0j,0j,0j,0j,0j,0j,0j,0j,0j,0j,0j,0j,0j,0j,0j,0j,0j,0j,0j,0j,0j,0j,0j,0j,0j,0j,0j,0j,0j,0j,0j,0j,0j,0j,0j,0j,0j,0j,0j,0j,0j,0j,(1.338656042454521+0j),2.6457513110645907j,0j,0j,0j,0j,0j,0j,0j,0j,0j,-1.5811388300841898j,(-1.2000000000000002+0j),0j,0j,0j,0j,0j,0j,0j,0j,0j,0j,2.7386127875258306j,0j,0j,0j,0j,0j,0j,0j,0j,0j,0j,0j,0j,0j,0j,0j,0j,0j,0j,0j,0j,0j,0j,0j,0j,0j,0j,0j,0j,0j,0j,0j,0j,0j,0j,0j,0j,0j,0j,0j,0j,0j,0j,0j,0j,0j,0j,0j,0j,0j,0j,0j,0j,0j,0j,0j
0j,0j,0j,0j,0j,0j,0j,0j,0j,0j,0j,0j,0j,0j,0j,0j,0j,0j,0j,0j,0j,0j,0j,0j,0j,0j,0j,0j,0j,0j,0j,0j,0j,0j,0j,0j,0j,0j,0j,0j,0j,0j,0j,0j,2.7386127875258306j,0j,0j,0j,0j,0j,0j,0j,0j,0j,0j,(-1.6000000000000003+0j),-1.5811388300841898j,0j,0j,0j,0j,0j,0j,0j,0j,0j,2.7386127875258306j,0j,0j,0j,0j,0j,0j,0j,0j,0j,0j,0j,0j,0j,0j,0j,0j,0j,0j,0j,0j,0j,0j,0j,0j,0j,0j,0j,0j,0j,0j,0j,0j,0j,0j,0j,0j,0j,0j,0j,0j,0j,0j,0j,0j,0j,0j,0j,0j,0j,0j,0j,0j,0j,0j
0j,0j,0j,0j,0j,0j,0j,0j,0j,0j,0j,0j,0j,0j,0j,0j,0j,0j,0j,0j,0j,0j,0j,0j,0j,0j,0j,0j,0j,0j,0j,0j,0j,0j,0j,0j,0j,0j,0j,0j,0j,0j,0j,0j,(1.385640646055102+0j),2.7386127875258306j,0j,0j,0j,0j,0j,0j,0j,0j,0j,-1.5811388300841898j,(-1.9200000000000002+0j),-2.1213203435596424j,0j,0j,0j,0j,0j,0j,0j,0j,0j,2.7386127875258306j,0j,0j,0j,0j,0j,0j,0j,0j,0j,0j,0j,0j,0j,0j,0j,0j,0j,0j,0j,0j,0j,0j,0j,0j,0j,0j,0j,0j,0j,0j,0j,0j,0j,0j,0j,0j,0j,0j,0j,0j,0j,0j,0j,0j,0j,0j,0j,0j,0j,0j,0j,0j,0j
0j,0j,0j,0j,0j,0j,0j,0j,0j,0j,0j,0j,0j,0j,0j,0j,0j,0j,0j,0j,0j,0j,0j,0j,0j,0j,0j,0j,0j,0j,0j,0j,0j,0j,0j,0j,0j,0j,0j,0j,0j,0j,0j,0j,0j,(1.85903200617956+0j),2.7386127875258306j,0j,0j,0j,0j,0j,0j,0j,0j,0j,-2.1213203435596424j,(-2.16+0j),-2.449489742783178j,0j,0j,0j,0j,0j,0j,0j,0j,0j,2.7386127875258306j,0j,0j,0j,0j,0j,0j,0j,0j,0j,0j,0j,0j,0j,0j,0j,0j,0j,0j,0j,0j,0j,0j,0j,0j,0j,0j,0j,0j,0j,0j,0j,0j,0j,0j,0j,0j,0j,0j,0j,0j,0j,0j,0j,0j,0j,0j,0j,0j,0j,0j,0j,0j
0j,0j,0j,0j,0j,0j,0j,0j,0j,0j,0j,0j,0j,0j,0j,0j,0j,0j,0j,0j,0j,0j,0j,0j,0j,0j,0j,0j,0j,0j,0j,0j,0j,0j,0j,0j,0j,0j,0j,0j,0j,0j,0j,0j,0j,0j,(2.146625258399798+0j),2.7386127875258306j,0j,0j,0j,0j,0j,0j,0j,0j,0j,-2.449489742783178j,(-2.3200000000000003+0j),-2.6457513110645907j,0j,0j,0j,0j,0j,0j,0j,0j,0j,2.7386127875258306j,0j,0j,0j,0j,0j,0j,0j,0j,0j,0j,0j,0j,0j,0j,0j,0j,0j,0j,0j,0j,0j,0j,0j,0j,0j,0j,0j,0j,0j,0j,0j,0j,0j,0j,0j,0j,0j,0j,0j,0j,0j,0j,0j,0j,0j,0j,0j,0j,0j,0j,0j
0j,0j,0j,0j,0j,0j,0j,0j,0j,0j,0j,0j,0j,0j,0j,0j,0j,0j,0j,0j,0j,0j,0j,0j,0j,0j,0j,0j,0j,0j,0j,0j,0j,0j,0j,0j,0j,0j,0j,0j,0j,0j,0j,0j,0j,0j,0j,(2.3186202793903106+0j),2.7386127875258306j,0j,0j,0j,0j,0j,0j,0j,0j,0j,-2.6457513110645907j,(-2.4000000000000004+0j),-2.7386127875258306j,0j,0j,0j,0j,0j,0j,0j,0j,0j,2.7386127875258306j,0j,0j,0j,0j,0j,0j,0j,0j,0j,0j,0j,0j,0j,0j,0j,0j,0j,0j,0j,0j,0j,0j,0j,0j,0j,0j,0j,0j,0j,0j,0j,0j,0j,0j,0j,0j,0j,0j,0j,0j,0j,0j,0j,0j,0j,0j,0j,0j,0j,0j
0j,0j,0j,0j,0j,0j,0j,0j,0j,0j,0j,0j,0j,0j,0j,0j,0j,0j,0j,0j,0j,0j,0j,0j,0j,0j,0j,0j,0j,0j,0j,0j,0j,0j,0j,0j,0j,0j,0j,0j,0j,0j,0j,0j,0j,0j,0j,0j,(2.4000000000000004+0j),2.7386127875258306j,0j,0j,0j,0j,0j,0j,0j,0j,0j,-2.7386127875258306j,(-2.4000000000000004+0j),-2.7386127875258306j,0j,0j,0j,0j,0j,0j,0j,0j,0j,2.7386127875258306j,0j,0j,0j,0j,0j,0j,0j,0j,0j,0j,0j,0j,0j,0j,0j,0j,0j,0j,0j,0j,0j,0j,0j,0j,0j,0j,0j,0j,0j,0j,0j,0j,0j,0j,0j,0j,0j,0j,0j,0j,0j,0j,0j,0j,0j,0j,0j,0j,0j
0j,0j,0j,0j,0j,0j,0j,0j,0j,0j,0j,0j,0j,0j,0j,0j,0j,0j,0j,0j,0j,0j,0j,0j,0j,0j,0j,0j,0j,0j,0j,0j,0j,0j,0j,0j,0j,0j,0j,0j,0j,0j,0j,0j,0j,0j,0j,0j,0j,(2.4000000000000004+0j),2.7386127875258306j,0j,0j,0j,0j,0j,0j,0j,0j,0j,-2.7386127875258306j,(-2.3200000000000003+0j),-2.6457513110645907j,0j,0j,0j,0j,0j,0j,0j,0j,0j,2.7386127875258306j,0j,0j,0j,0j,0j,0j,0j,0j,0j,0j,0j,0j,0j,0j,0j,0j,0j,0j,0j,0j,0j,0j,0j,0j,0j,0j,0j,0j,0j,0j,0j,0j,0j,0j,0j,0j,0j,0j,0j,0j,0j,0j,0j,0j,0j,0j,0j,0j
0j,0j,0j,0j,0j,0j,0j,0j,0j,0j,0j,0j,0j,0j,0j,0j,0j,0j,0j,0j,0j,0j,0j,0j,0j,0j,0j,0j,0j,0j,0j,0j,0j,0j,0j,0j,0j,0j,0j,0j,0j,0j,0j,0j,0j,0j,0j,0j,0j,0j,(2.3186202793903106+0j),2.7386127875258306j,0j,0j,0j,0j,0j,0j,0j,0j,0j,-2.6457513110645907j,(-2.16+0j),-2.449489742783178j,0j,0j,0j,0j,0j,0j,0j,0j,0j,2.7386127875258306j,0j,0j,0j,0j,0j,0j,0j,0j,0j,0j,0j,0j,0j,0j,0j,0j,0j,0j,0j,0j,0j,0j,0j,0j,0j,0j,0j,0j,0j,0j,0j,0j,0j,0j,0j,0j,0j,0j,0j,0j,0j,0j,0j,0j,0j,0j,0j
0j,0j,0j,0j,0j,0j,0j,0j,0j,0j,0j,0j,0j,0j,0j,0j,0j,0j,0j,0j,0j,0j,0j,0j,0j,0j,0j,0j,0j,0j,0j,0j,0j,0j,0j,0j,0j,0j,0j,0j,0j,0j,0j,0j,0j,0j,0j,0j,0j,0j,0j,(2.146625258399798+0j),2.7386127875258306j,0j,0j,0j,0j,0j,0j,0j,0j,0j,-2.449489742783178j,(-1.9200000000000002+0j),-2.1213203435596424j,0j,0j,0j,0j,0j,0j,0j,0j,0j,2.7386127875258306j,0j,0j,0j,0j,0j,0j,0j,0j,0j,0j,0j,0j,0j,0j,0j,0j,0j,0j,0j,0j,0j,0j,0j,0j,0j,0j,0j,0j,0j,0j,0j,0j,0j,0j,0j,0j,0j,0j,0j,0j,0j,0j,0j,0j,0j,0j
0j,0j,0j,0j,0j,0j,0j,0j,0j,0j,0j,0j,0j,0j,0j,0j,0j,0j,0j,0j,0j,0j,0j,0j,0j,0j,0j,0j,0j,0j,0j,0j,0j,0j,0j,0j,0j,0j,0j,0j,0j,0j,0j,0j,0j,0j,0j,0j,0j,0j,0j,0j,(1.85903200617956+0j),2.7386127875258306j,0j,0j,0j,0j,0j,0j,0j,0j,0j,-2.1213203435596424j,(-1.6000000000000003+0j),-1.5811388300841898j,0j,0j,0j,0j,0j,0j,0j,0j,0j,2.7386127875258306j,0j,0j,0j,0j,0j,0j,0j,0j,0j,0j,0j,0j,0j,0j,0j,0j,0j,0j,0j,0j,0j,0j,0j,0j,0j,0j,0j,0j,0j,0j,0j,0j,0j,0j,0j,0j,0j,0j,0j,0j,0j,0j,0j,0j,0j
0j,0j,0j,0j,0j,0j,0j,0j,0j,0j,0j,0j,0j,0j,0j,0j,0j,0j,0j,0j,0j,0j,0j,0j,0j,0j,0j,0j,0j,0j,0j,0j,0j,0j,0j,0j,0j,0j,0j,0j,0j,0j,0j,0j,0j,0j,0j,0j,0j,0j,0j,0j,0j,(1.385640646055102+0j),2.7386127875258306j,0j,0j,0j,0j,0j,0j,0j,0j,0j,-1.5811388300841898j,(-1.2000000000000002+0j),0j,0j,0j,0j,0j,0j,0j,0j,0j,0j,2.7386127875258306j,0j,0j,0j,0j,0j,0j,0j,0j,0j,0j,0j,0j,0j,0j,0j,0j,0j,0j,0j,0j,0j,0j,0j,0j,0j,0j,0j,0j,0j,0j,0j,0j,0j,0j,0j,0j,0j,0j,0j,0j,0j,0j,0j,0j
0j,0j,0j,0j,0j,0j,0j,0j,0j,0j,0j,0j,0j,0j,0j,0j,0j,0j,0j,0j,0j,0j,0j,0j,0j,0j,0j,0j,0j,0j,0j,0j,0j,0j,0j,0j,0j,0j,0j,0j,0j,0j,0j,0j,0j,0j,0j,0j,0j,0j,0j,0j,0j,0j,0j,2.7386127875258306j,0j,0j,0j,0j,0j,0j,0j,0j,0j,0j,(-1.5200000000000002+0j),-1.5811388300841898j,0j,0j,0j,0j,0j,0j,0j,0j,0j,2.6457513110645907j,0j,0j,0j,0j,0j,0j,0j,0j,0j,0j,0j,0j,0j,0j,0j,0j,0j,0j,0j,0j,0j,0j,0j,0j,0j,0j,0j,0j,0j,0j,0j,0j,0j,0j,0j,0j,0j,0j,0j,0j,0j,0j,0j
0j,0j,0j,0j,0j,0j,0j,0j,0j,0j,0j,0j,0j,0j,0j,0j,0j,0j,0j,0j,0j,0j,0j,0j,0j,0j,0j,0j,0j,0j,0j,0j,0j,0j,0j,0j,0j,0j,0j,0j,0j,0j,0j,0j,0j,0j,0j,0j,0j,0j,0j,0j,0j,0j,0j,(1.385640646055102+0j),2.7386127875258306j,0j,0j,0j,0j,0j,0j,0j,0j,0j,-1.5811388300841898j,(-1.84+0j),-2.1213203435596424j,0j,0j,0j,0j,0j,0j,0j,0j,0j,2.6457513110645907j,0j,0j,0j,0j,0j,0j,0j,0j,0j,0j,0j,0j,0j,0j,0j,0j,0j,0j,0j,0j,0j,0j,0j,0j,0j,0j,0j,0j,0j,0j,0j,0j,0j,0j,0j,0j,0j,0j,0j,0j,0j,0j
0j,0j,0j,0j,0j,0j,0j,0j,0j,0j,0j,0j,0j,0j,0j,0j,0j,0j,0j,0j,0j,0j,0j,0j,0j,0j,0j,0j,0j,0j,0j,0j,0j,0j,0j,0j,0j,0j,0j,0j,0j,0j,0j,0j,0j,0j,0j,0j,0j,0j,0j,0j,0j,0j,0j,0j,(1.85903200617956+0j),2.7386127875258306j,0j,0j,0j,0j,0j,0j,0j,0j,0j,-2.1213203435596424j,(-2.08+0j),-2.449489742783178j,0j,0j,0j,0j,0j,0j,0j,0j,0j,2.6457513110645907j,0j,0j,0j,0j,0j,0j,0j,0j,0j,0j,0j,0j,0j,0j,0j,0j,0j,0j,0j,0j,0j,0j,0j,0j,0j,0j,0j,0j,0j,0j,0j,0j,0j,0j,0j,0j,0j,0j,0j,0j,0j
0j,0j,0j,0j,0j,0j,0j,0j,0j,0j,0j,0j,0j,0j,0j,0j,0j,0j,0j,0j,0j,0j,0j,0j,0j,0j,0j,0j,0j,0j,0j,0j,0j,0j,0j,0j,0j,0j,0j,0j,0j,0j,0j,0j,0j,0j,0j,0j,0j,0j,0j,0j,0j,0j,0j,0j,0j,(2.146625258399798+0j),2.7386127875258306j,0j,0j,0j,0j,0j,0j,0j,0j,0j,-2.449489742783178j,(-2.24+0j),-2.6457513110645907j,0j,0j,0j,0j,0j,0j,0j,0j,0j,2.6457513110645907j,0j,0j,0j,0j,0j,0j,0j,0j,0j,0j,0j,0j,0j,0j,0j,0j,0j,0j,0j,0j,0j,0j,0j,0j,0j,0j,0j,0j,0j,0j,0j,0j,0j,0j,0j,0j,0j,0j,0j,0j
0j,0j,0j,0j,0j,0j,0j,0j,0j,0j,0j,0j,0j,0j,0j,0j,0j,0j,0j,0j,0j,0j,0j,0j,0j,0j,0j,0j,0j,0j,0j,0j,0j,0j,0j,0j,0j,0j,0j,0j,0j,0j,0j,0j,0j,0j,0j,0j,0j,0j,0j,0j,0j,0j,0j,0j,0j,0j,(2.3186202793903106+0j),2.7386127875258306j,0j,0j,0j,0j,0j,0j,0j,0j,0j,-2.6457513110645907j,(-2.3200000000000003+0j),-2.7386127875258306j,0j,0j,0j,0j,0j,0j,0j,0j,0j,2.6457513110645907j,0j,0j,0j,0j,0j,0j,0j,0j,0j,0j,0j,0j,0j,0j,0j,0j,0j,0j,0j,0j,0j,0j,0j,0j,0j,0j,0j,0j,0j,0j,0j,0j,0j,0j,0j,0j,0j,0j,0j
0j,0j,0j,0j,0j,0j,0j,0j,0j,0j,0j,0j,0j,0j,0j,0j,0j,0j,0j,0j,0j,0j,0j,0j,0j,0j,0j,0j,0j,0j,0j,0j,0j,0j,0j,0j,0j,0j,0j,0j,0j,0j,0j,0j,0j,0j,0j,0j,0j,0j,0j,0j,0j,0j,0j,0j,0j,0j,0j,(2.4000000000000004+0j),2.7386127875258306j,0j,0j,0j,0j,0j,0j,0j,0j,0j,-2.7386127875258306j,(-2.3200000000000003+0j),-2.7386127875258306j,0j,0j,0j,0j,0j,0j,0j,0j,0j,2.6457513110645907j,0j,0j,0j,0j,0j,0j,0j,0j,0j,0j,0j,0j,0j,0j,0j,0j,0j,0j,0j,0j,0j,0j,0j,0j,0j,0j,0j,0j,0j,0j,0j,0j,0j,0j,0j,0j,0j,0j
0j,0j,0j,0j,0j,0j,0j,0j,0j,0j,0j,0j,0j,0j,0j,0j,0j,0j,0j,0j,0j,0j,0j,0j,0j,0j,0j,0j,0j,0j,0j,0j,0j,0j,0j,0j,0j,0j,0j,0j,0j,0j,0j,0j,0j,0j,0j,0j,0j,0j,0j,0j,0j,0j,0j,0j,0j,0j,0j,0j,(2.4000000000000004+0j),2.7386127875258306j,0j,0j,0j,0j,0j,0j,0j,0j,0j,-2.7386127875258306j,(-2.24+0j),-2.6457513110645907j,0j,0j,0j,0j,0j,0j,0j,0j,0j,2.6457513110645907j,0j,0j,0j,0j,0j,0j,0j,0j,0j,0j,0j,0j,0j,0j,0j,0j,0j,0j,0j,0j,0j,0j,0j,0j,0j,0j,0j,0j,0j,0j,0j,0j,0j,0j,0j,0j,0j
0j,0j,0j,0j,0j,0j,0j,0j,0j,0j,0j,0j,0j,0j,0j,0j,0j,0j,0j,0j,0j,0j,0j,0j,0j,0j,0j,0j,0j,0j,0j,0j,0j,0j,0j,0j,0j,0j,0j,0j,0j,0j,0j,0j,0j,0j,0j,0j,0j,0j,0j,0j,0j,0j,0j,0j,0j,0j,0j,0j,0j,(2.3186202793903106+0j),2.7386127875258306j,0j,0j,0j,0j,0j,0j,0j,0j,0j,-2.6457513110645907j,(-2.08+0j),-2.449489742783178j,0j,0j,0j,0j,0j,0j,0j,0j,0j,2.6457513110645907j,0j,0j,0j,0j,0j,0j,0j,0j,0j,0j,0j,0j,0j,0j,0j,0j,0j,0j,0j,0j,0j,0j,0j,0j,0j,0j,0j,0j,0j,0j,0j,0j,0j,0j,0j,0j
0j,0j,0j,0j,0j,0j,0j,0j,0j,0j,0j,0j,0j,0j,0j,0j,0j,0j,0j,0j,0j,0j,0j,0j,0j,0j,0j,0j,0j,0j,0j,0j,0j,0j,0j,0j,0j,0j,0j,0j,0j,0j,0j,0j,0j,0j,0j,0j,0j,0j,0j,0j,0j,0j,0j,0j,0j,0j,0j,0j,0j,0j,(2.146625258399798+0j),2.7386127875258306j,0j,0j,0j,0j,0j,0j,0j,0j,0j,-2.449489742783178j,(-1.84+0j),-2.1213203435596424j,0j,0j,0j,0j,0j,0j,0j,0j,0j,2.6457513110645907j,0j,0j,0j,0j,0j,0j,0j,0j,0j,0j,0j,0j,0j,0j,0j,0j,0j,0j,0j,0j,0j,0j,0j,0j,0j,0j,0j,0j,0j,0j,0j,0j,0j,0j,0j
0j,0j,0j,0j,0j,0j,0j,0j,0j,0j,0j,0j,0j,0j,0j,0j,0j,0j,0j,0j,0j,0j,0j,0j,0j,0j,0j,0j,0j,0j,0j,0j,0j,0j,0j,0j,0j,0j,0j,0j,0j,0j,0j,0j,0j,0j,0j,0j,0j,0j,0j,0j,0j,0j,0j,0j,0j,0j,0j,0j,0j,0j,0j,(1.85903200617956+0j),2.7386127875258306j,0j,0j,0j,0j,0j,0j,0j,0j,0j,-2.1213203435596424j,(-1.5200000000000002+0j),-1.5811388300841898j,0j,0j,0j,0j,0j,0j,0j,0j,0j,2.6457513110645907j,0j,0j,0j,0j,0j,0j,0j,0j,0j,0j,0j,0j,0j,0j,0j,0j,0j,0j,0j,0j,0j,0j,0j,0j,0j,0j,0j,0j,0j,0j,0j,0j,0j,0j
0j,0j,0j,0j,0j,0j,0j,0j,0j,0j,0j,0j,0j,0j,0j,0j,0j,0j,0j,0j,0j,0j,0j,0j,0j,0j,0j,0j,0j,0j,0j,0j,0j,0j,0j,0j,0j,0j,0j,0j,0j,0j,0j,0j,0j,0j,0j,0j,0j,0j,0j,0j,0j,0j,0j,0j,0j,0j,0j,0j,0j,0j,0j,0j,(1.385640646055102+0j),2.7386127875258306j,0j,0j,0j,0j,0j,0j,0j,0j,0j,-1.5811388300841898j,(-1.12+0j),0j,0j,0j,0j,0j,0j,0j,0j,0j,0j,2.6457513110645907j,0j,0j,0j,0j,0j,0j,0j,0j,0j,0j,0j,0j,0j,0j,0j,0j,0j,0j,0j,0j,0j,0j,0j,0j,0j,0j,0j,0j,0j,0j,0j,0j,0j
0j,0j,0j,0j,0j,0j,0j,0j,0j,0j,0j,0j,0j,0j,0j,0j,0j,0j,0j,0j,0j,0j,0j,0j,0j,0j,0j,0j,0j,0j,0j,0j,0j,0j,0j,0j,0j,0j,0j,0j,0j,0j,0j,0j,0j,0j,0j,0j,0j,0j,0j,0j,0j,0j,0j,0j,0j,0j,0j,0j,0j,0j,0j,0j,0j,0j,2.6457513110645907j,0j,0j,0j,0j,0j,0j,0j,0j,0j,0j,(-1.3599999999999999+0j),-1.5811388300841898j,0j,0j,0j,0j,0j,0j,0j,0j,0j,2.449489742783178j,0j,0j,0j,0j,0j,0j,0j,0j,0j,0j,0j,0j,0j,0j,0j,0j,0j,0j,0j,0j,0j,0j,0j,0j,0j,0j,0j,0j,0j,0j,0j,0j
0j,0j,0j,0j,0j,0j,0j,0j,0j,0j,0j,0j,0j,0j,0j,0j,0j,0j,0j,0j,0j,0j,0j,0j,0j,0j,0j,0j,0j,0j,0j,0j,0j,0j,0j,0j,0j,0j,0j,0j,0j,0j,0j,0j,0j,0j,0j,0j,0j,0j,0j,0j,0j,0j,0j,0j,0j,0j,0j,0j,0j,0j,0j,0j,0j,0j,(1.338656042454521+0j),2.6457513110645907j,0j,0j,0j,0j,0j,0j,0j,0j,0j,-1.5811388300841898j,(-1.6799999999999997+0j),-2.1213203435596424j,0j,0j,0j,0j,0j,0j,0j,0j,0j,2.449489742783178j,0j,0j,0j,0j,0j,0j,0j,0j,0j,0j,0j,0j,0j,0j,0j,0j,0j,0j,0j,0j,0j,0j,0j,0j,0j,0j,0j,0j,0j,0j,0j
0j,0j,0j,0j,0j,0j,0j,0j,0j,0j,0j,0j,0j,0j,0j,0j,0j,0j,0j,0j,0j,0j,0j,0j,0j,0j,0j,0j,0j,0j,0j,0j,0j,0j,0j,0j,0j,0j,0j,0j,0j,0j,0j,0j,0j,0j,0j,0j,0j,0j,0j,0j,0j,0j,0j,0j,0j,0j,0j,0j,0j,0j,0j,0j,0j,0j,0j,(1.795995545651492+0j),2.6457513110645907j,0j,0j,0j,0j,0j,0j,0j,0j,0j,-2.1213203435596424j,(-1.9199999999999995+0j),-2.449489742783178j,0j,0j,0j,0j,0j,0j,0j,0j,0j,2.449489742783178j,0j,0j,0j,0j,0j,0j,0j,0j,0j,0j,0j,0j,0j,0j,0j,0j,0j,0j,0j,0j,0j,0j,0j,0j,0j,0j,0j,0j,0j,0j
0j,0j,0j,0j,0j,0j,0j,0j,0j,0j,0j,0j,0j,0j,0j,0j,0j,0j,0j,0j,0j,0j,0j,0j,0j,0j,0j,0j,0j,0j,0j,0j,0j,0j,0j,0j,0j,0j,0j,0j,0j,0j,0j,0j,0j,0j,0j,0j,0j,0j,0j,0j,0j,0j,0j,0j,0j,0j,0j,0j,0j,0j,0j,0j,0j,0j,0j,0j,(2.073837023490515+0j),2.6457513110645907j,0j,0j,0j,0j,0j,0j,0j,0j,0j,-2.449489742783178j,(-2.08+0j),-2.6457513110645907j,0j,0j,0j,0j,0j,0j,0j,0j,0j,2.449489742783178j,0j,0j,0j,0j,0j,0j,0j,0j,0j,0j,0j,0j,0j,0j,0j,0j,0j,0j,0j,0j,0j,0j,0j,0j,0j,0j,0j,0j,0j
0j,0j,0j,0j,0j,0j,0j,0j,0j,0j,0j,0j,0j,0j,0j,0j,0j,0j,0j,0j,0j,0j,0j,0j,0j,0j,0j,0j,0j,0j,0j,0j,0j,0j,0j,0j,0j,0j,0j,0j,0j,0j,0j,0j,0j,0j,0j,0j,0j,0j,0j,0j,0j,0j,0j,0j,0j,0j,0j,0j,0j,0j,0j,0j,0j,0j,0j,0j,0j,(2.24+0j),2.6457513110645907j,0j,0j,0j,0j,0j,0j,0j,0j,0j,-2.6457513110645907j,(-2.16+0j),-2.7386127875258306j,0j,0j,0j,0j,0j,0j,0j,0j,0j,2.449489742783178j,0j,0j,0j,0j,0j,0j,0j,0j,0j,0j,0j,0j,0j,0j,0j,0j,0j,0j,0j,0j,0j,0j,0j,0j,0j,0j,0j,0j
0j,0j,0j,0j,0j,0j,0j,0j,0j,0j,0j,0j,0j,0j,0j,0j,0j,0j,0j,0j,0j,0j,0j,0j,0j,0j,0j,0j,0j,0j,0j,0j,0j,0j,0j,0j,0j,0j,0j,0j,0j,0j,0j,0j,0j,0j,0j,0j,0j,0j,0j,0j,0j,0j,0j,0j,0j,0j,0j,0j,0j,0j,0j,0j,0j,0j,0j,0j,0j,0j,(2.3186202793903106+0j),2.6457513110645907j,0j,0j,0j,0j,0j,0j,0j,0j,0j,-2.7386127875258306j,(-2.16+0j),-2.7386127875258306j,0j,0j,0j,0j,0j,0j,0j,0j,0j,2.449489742783178j,0j,0j,0j,0j,0j,0j,0j,0j,0j,0j,0j,0j,0j,0j,0j,0j,0j,0j,0j,0j,0j,0j,0j,0j,0j,0j,0j
0j,0j,0j,0j,0j,0j,0j,0j,0j,0j,0j,0j,0j,0j,0j,0j,0j,0j,0j,0j,0j,0j,0j,0j,0j,0j,0j,0j,0j,0j,0j,0j,0j,0j,0j,0j,0j,0j,0j,0j,0j,0j,0j,0j,0j,0j,0j,0j,0j,0j,0j,0j,0j,0j,0j,0j,0j,0j,0j,0j,0j,0j,0j,0j,0j,0j,0j,0j,0j,0j,0j,(2.3186202793903106+0j),2.6457513110645907j,0j,0j,0j,0j,0j,0j,0j,0j,0j,-2.7386127875258306j,(-2.08+0j),-2.6457513110645907j,0j,0j,0j,0j,0j,0j,0j,0j,0j,2.449489742783178j,0j,0j,0j,0j,0j,0j,0j,0j,0j,0j,0j,0j,0j,0j,0j,0j,0j,0j,0j,0j,0j,0j,0j,0j,0j,0j
0j,0j,0j,0j,0j,0j,0j,0j,0j,0j,0j,0j,0j,0j,0j,0j,0j,0j,0j,0j,0j,0j,0j,0j,0j,0j,0j,0j,0j,0j,0j,0j,0j,0j,0j,0j,0j,0j,0j,0j,0j,0j,0j,0j,0j,0j,0j,0j,0j,0j,0j,0j,0j,0j,0j,0j,0j,0j,0j,0j,0j,0j,0j,0j,0j,0j,0j,0j,0j,0j,0j,0j,(2.24+0j),2.6457513110645907j,0j,0j,0j,0j,0j,0j,0j,0j,0j,-2.6457513110645907j,(-1.9199999999999995+0j),-2.449489742783178j,0j,0j,0j,0j,0j,0j,0j,0j,0j,2.449489742783178j,0j,0j,0j,0j,0j,0j,0j,0j,0j,0j,0j,0j,0j,0j,0j,0j,0j,0j,0j,0j,0j,0j,0j,0j,0j
0j,0j,0j,0j,0j,0j,0j,0j,0j,0j,0j,0j,0j,0j,0j,0j,0j,0j,0j,0j,0j,0j,0j,0j,0j,0j,0j,0j,0j,0j,0j,0j,0j,0j,0j,0j,0j,0j,0j,0j,0j,0j,0j,0j,0j,0j,0j,0j,0j,0j,0j,0j,0j,0j,0j,0j,0j,0j,0j,0j,0j,0j,0j,0j,0j,0j,0j,0j,0j,0j,0j,0j,0j,(2.073837023490515+0j),2.6457513110645907j,0j,0j,0j,0j,0j,0j,0j,0j,0j,-2.449489742783178j,(-1.6799999999999997+0j),-2.1213203435596424j,0j,0j,0j,0j,0j,0j,0j,0j,0j,2.449489742783178j,0j,0j,0j,0j,0j,0j,0j,0j,0j,0j,0j,0j,0j,0j,0j,0j,0j,0j,0j,0j,0j,0j,0j,0j
0j,0j,0j,0j,0j,0j,0j,0j,0j,0j,0j,0j,0j,0j,0j,0j,0j,0j,0j,0j,0j,0j,0j,0j,0j,0j,0j,0j,0j,0j,0j,0j,0j,0j,0j,0j,0j,0j,0j,0j,0j,0j,0j,0j,0j,0j,0j,0j,0j,0j,0j,0j,0j,0j,0j,0j,0j,0j,0j,0j,0j,0j,0j,0j,0j,0j,0j,0j,0j,0j,0j,0j,0j,0j,(1.795995545651492+0j),2.6457513110645907j,0j,0j,0j,0j,0j,0j,0j,0j,0j,-2.1213203435596424j,(-1.3599999999999999+0j),-1.5811388300841898j,0j,0j,0j,0j,0j,0j,0j,0j,0j,2.449489742783178j,0j,0j,0j,0j,0j,0j,0j,0j,0j,0j,0j,0j,0j,0j,0j,0j,0j,0j,0j,0j,0j,0j,0j
0j,0j,0j,0j,0j,0j,0j,0j,0j,0j,0j,0j,0j,0j,0j,0j,0j,0j,0j,0j,0j,0j,0j,0j,0j,0j,0j,0j,0j,0j,0j,0j,0j,0j,0j,0j,0j,0j,0j,0j,0j,0j,0j,0j,0j,0j,0j,0j,0j,0j,0j,0j,0j,0j,0j,0j,0j,0j,0j,0j,0j,0j,0j,0j,0j,0j,0j,0j,0j,0j,0j,0j,0j,0j,0j,(1.338656042454521+0j),2.6457513110645907j,0j,0j,0j,0j,0j,0j,0j,0j,0j,-1.5811388300841898j,(-0.9599999999999997+0j),0j,0j,0j,0j,0j,0j,0j,0j,0j,0j,2.449489742783178j,0j,0j,0j,0j,0j,0j,0j,0j,0j,0j,0j,0j,0j,0j,0j,0j,0j,0j,0j,0j,0j,0j
0j,0j,0j,0j,0j,0j,0j,0j,0j,0j,0j,0j,0j,0j,0j,0j,0j,0j,0j,0j,0j,0j,0j,0j,0j,0j,0j,0j,0j,0j,0j,0j,0j,0j,0j,0j,0j,0j,0j,0j,0j,0j,0j,0j,0j,0j,0j,0j,0j,0j,0j,0j,0j,0j,0j,0j,0j,0j,0j,0j,0j,0j,0j,0j,0j,0j,0j,0j,0j,0j,0j,0j,0j,0j,0j,0j,0j,2.449489742783178j,0j,0j,0j,0j,0j,0j,0j,0j,0j,0j,(-1.12+0j),-1.5811388300841898j,0j,0j,0j,0j,0j,0j,0j,0j,0j,2.1213203435596424j,0j,0j,0j,0j,0j,0j,0j,0j,0j,0j,0j,0j,0j,0j,0j,0j,0j,0j,0j,0j,0j
0j,0j,0j,0j,0j,0j,0j,0j,0j,0j,0j,0j,0j,0j,0j,0j,0j,0j,0j,0j,0j,0j,0j,0j,0j,0j,0j,0j,0j,0j,0j,0j,0j,0j,0j,0j,0j,0j,0j,0j,0j,0j,0j,0j,0j,0j,0j,0j,0j,0j,0j,0j,0j,0j,0j,0j,0j,0j,0j,0j,0j,0j,0j,0j,0j,0j,0j,0j,0j,0j,0j,0j,0j,0j,0j,0j,0j,(1.2393546707863734+0j),2.449489742783178j,0j,0j,0j,0j,0j,0j,0j,0j,0j,-1.5811388300841898j,(-1.44+0j),-2.1213203435596424j,0j,0j,0j,0j,0j,0j,0j,0j,0j,2.1213203435596424j,0j,0j,0j,0j,0j,0j,0j,0j,0j,0j,0j,0j,0j,0j,0j,0j,0j,0j,0j,0j
0j,0j,0j,0j,0j,0j,0j,0j,0j,0j,0j,0j,0j,0j,0j,0j,0j,0j,0j,0j,0j,0j,0j,0j,0j,0j,0j,0j,0j,0j,0j,0j,0j,0j,0j,0j,0j,0j,0j,0j,0j,0j,0j,0j,0j,0j,0j,0j,0j,0j,0j,0j,0j,0j,0j,0j,0j,0j,0j,0j,0j,0j,0j,0j,0j,0j,0j,0j,0j,0j,0j,0j,0j,0j,0j,0j,0j,0j,(1.662768775266122+0j),2.449489742783178j,0j,0j,0j,0j,0j,0j,0j,0j,0j,-2.1213203435596424j,(-1.6799999999999997+0j),-2.449489742783178j,0j,0j,0j,0j,0j,0j,0j,0j,0j,2.1213203435596424j,0j,0j,0j,0j,0j,0j,0j,0j,0j,0j,0j,0j,0j,0j,0j,0j,0j,0j,0j
0j,0j,0j,0j,0j,0j,0j,0j,0j,0j,0j,0j,0j,0j,0j,0j,0j,0j,0j,0j,0j,0j,0j,0j,0j,0j,0j,0j,0j,0j,0j,0j,0j,0j,0j,0j,0j,0j,0j,0j,0j,0j,0j,0j,0j,0j,0j,0j,0j,0j,0j,0j,0j,0j,0j,0j,0j,0j,0j,0j,0j,0j,0j,0j,0j,0j,0j,0j,0j,0j,0j,0j,0j,0j,0j,0j,0j,0j,0j,(1.9199999999999995+0j),2.449489742783178j,0j,0j,0j,0j,0j,0j,0j,0j,0j,-2.449489742783178j,(-1.84+0j),-2.6457513110645907j,0j,0j,0j,0j,0j,0j,0j,0j,0j,2.1213203435596424j,0j,0j,0j,0j,0j,0j,0j,0j,0j,0j,0j,0j,0j,0j,0j,0j,0j,0j
0j,0j,0j,0j,0j,0j,0j,0j,0j,0j,0j,0j,0j,0j,0j,0j,0j,0j,0j,0j,0j,0j,0j,0j,0j,0j,0j,0j,0j,0j,0j,0j,0j,0j,0j,0j,0j,0j,0j,0j,0j,0j,0j,0j,0j,0j,0j,0j,0j,0j,0j,0j,0j,0j,0j,0j,0j,0j,0j,0j,0j,0j,0j,0j,0j,0j,0j,0j,0j,0j,0j,0j,0j,0j,0j,0j,0j,0j,0j,0j,(2.073837023490515+0j),2.449489742783178j,0j,0j,0j,0j,0j,0j,0j,0j,0j,-2.6457513110645907j,(-1.9200000000000002+0j),-2.7386127875258306j,0j,0j,0j,0j,0j,0j,0j,0j,0j,2.1213203435596424j,0j,0j,0j,0j,0j,0j,0j,0j,0j,0j,0j,0j,0j,0j,0j,0j,0j
0j,0j,0j,0j,0j,0j,0j,0j,0j,0j,0j,0j,0j,0j,0j,0j,0j,0j,0j,0j,0j,0j,0j,0j,0j,0j,0j,0j,0j,0j,0j,0j,0j,0j,0j,0j,0j,0j,0j,0j,0j,0j,0j,0j,0j,0j,0j,0j,0j,0j,0j,0j,0j,0j,0j,0j,0j,0j,0j,0j,0j,0j,0j,0j,0j,0j,0j,0j,0j,0j,0j,0j,0j,0j,0j,0j,0j,0j,0j,0j,0j,(2.146625258399798+0j),2.449489742783178j,0j,0j,0j,0j,0j,0j,0j,0j,0j,-2.7386127875258306j,(-1.9200000000000002+0j),-2.7386127875258306j,0j,0j,0j,0j,0j,0j,0j,0j,0j,2.1213203435596424j,0j,0j,0j,0j,0j,0j,0j,0j,0j,0j,0j,0j,0j,0j,0j,0j
0j,0j,0j,0j,0j,0j,0j,0j,0j,0j,0j,0j,0j,0j,0j,0j,0j,0j,0j,0j,0j,0j,0j,0j,0j,0j,0j,0j,0j,0j,0j,0j,0j,0j,0j,0j,0j,0j,0j,0j,0j,0j,0j,0j,0j,0j,0j,0j,0j,0j,0j,0j,0j,0j,0j,0j,0j,0j,0j,0j,0j,0j,0j,0j,0j,0j,0j,0j,0j,0j,0j,0j,0j,0j,0j,0j,0j,0j,0j,0j,0j,0j,(2.146625258399798+0j),2.449489742783178j,0j,0j,0j,0j,0j,0j,0j,0j,0j,-2.7386127875258306j,(-1.84+0j),-2.6457513110645907j,0j,0j,0j,0j,0j,0j,0j,0j,0j,2.1213203435596424j,0j,0j,0j,0j,0j,0j,0j,0j,0j,0j,0j,0j,0j,0j,0j
0j,0j,0j,0j,0j,0j,0j,0j,0j,0j,0j,0j,0j,0j,0j,0j,0j,0j,0j,0j,0j,0j,0j,0j,0j,0j,0j,0j,0j,0j,0j,0j,0j,0j,0j,0j,0j,0j,0j,0j,0j,0j,0j,0j,0j,0j,0j,0j,0j,0j,0j,0j,0j,0j,0j,0j,0j,0j,0j,0j,0j,0j,0j,0j,0j,0j,0j,0j,0j,0j,0j,0j,0j,0j,0j,0j,0j,0j,0j,0j,0j,0j,0j,(2.073837023490515+0j),2.449489742783178j,0j,0j,0j,0j,0j,0j,0j,0j,0j,-2.6457513110645907j,(-1.6799999999999997+0j),-2.449489742783178j,0j,0j,0j,0j,0j,0j,0j,0j,0j,2.1213203435596424j,0j,0j,0j,0j,0j,0j,0j,0j,0j,0j,0j,0j,0j,0j
0j,0j,0j,0j,0j,0j,0j,0j,0j,0j,0j,0j,0j,0j,0j,0j,0j,0j,0j,0j,0j,0j,0j,0j,0j,0j,0j,0j,0j,0j,0j,0j,0j,0j,0j,0j,0j,0j,0j,0j,0j,0j,0j,0j,0j,0j,0j,0j,0j,0j,0j,0j,0j,0j,0j,0j,0j,0j,0j,0j,0j,0j,0j,0j,0j,0j,0j,0j,0j,0j,0j,0j,0j,0j,0j,0j,0j,0j,0j,0j,0j,0j,0j,0j,(1.9199999999999995+0j),2.449489742783178j,0j,0j,0j,0j,0j,0j,0j,0j,0j,-2.449489742783178j,(-1.44+0j),-2.1213203435596424j,0j,0j,0j,0j,0j,0j,0j,0j,0j,2.1213203435596424j,0j,0j,0j,0j,0j,0j,0j,0j,0j,0j,0j,0j,0j
0j,0j,0j,0j,0j,0j,0j,0j,0j,0j,0j,0j,0j,0j,0j,0j,0j,0j,0j,0j,0j,0j,0j,0j,0j,0j,0j,0j,0j,0j,0j,0j,0j,0j,0j,0j,0j,0j,0j,0j,0j,0j,0j,0j,0j,0j,0j,0j,0j,0j,0j,0j,0j,0j,0j,0j,0j,0j,0j,0j,0j,0j,0j,0j,0j,0j,0j,0j,0j,0j,0j,0j,0j,0j,0j,0j,0j,0j,0j,0j,0j,0j,0j,0j,0j,(1.662768775266122+0j),2.449489742783178j,0j,0j,0j,0j,0j,0j,0j,0j,0j,-2.1213203435596424j,(-1.12+0j),-1.5811388300841898j,0j,0j,0j,0j,0j,0j,0j,0j,0j,2.1213203435596424j,0j,0j,0j,0j,0j,0j,0j,0j,0j,0j,0j,0j
0j,0j,0j,0j,0j,0j,0j,0j,0j,0j,0j,0j,0j,0j,0j,0j,0j,0j,0j,0j,0j,0j,0j,0j,0j,0j,0j,0j,0j,0j,0j,0j,0j,0j,0j,0j,0j,0j,0j,0j,0j,0j,0j,0j,0j,0j,0j,0j,0j,0j,0j,0j,0j,0j,0j,0j,0j,0j,0j,0j,0j,0j,0j,0j,0j,0j,0j,0j,0j,0j,0j,0j,0j,0j,0j,0j,0j,0j,0j,0j,0j,0j,0j,0j,0j,0j,(1.2393546707863734+0j),2.449489742783178j,0j,0j,0j,0j,0j,0j,0j,0j,0j,-1.5811388300841898j,(-0.72+0j),0j,0j,0j,0j,0j,0j,0j,0j,0j,0j,2.1213203435596424j,0j,0j,0j,0j,0j,0j,0j,0j,0j,0j,0j
0j,0j,0j,0j,0j,0j,0j,0j,0j,0j,0j,0j,0j,0j,0j,0j,0j,0j,0j,0j,0j,0j,0j,0j,0j,0j,0j,0j,0j,0j,0j,0j,0j,0j,0j,0j,0j,0j,0j,0j,0j,0j,0j,0j,0j,0j,0j,0j,0j,0j,0j,0j,0j,0j,0j,0j,0j,0j,0j,0j,0j,0j,0j,0j,0j,0j,0j,0j,0j,0j,0j,0j,0j,0j,0j,0j,0j,0j,0j,0j,0j,0j,0j,0j,0j,0j,0j,0j,2.1213203435596424j,0j,0j,0j,0j,0j,0j,0j,0j,0j,0j,(-0.8000000000000002+0j),-1.5811388300841898j,0j,0j,0j,0j,0j,0j,0j,0j,0j,1.5811388300841898j,0j,0j,0j,0j,0j,0j,0j,0j,0j,0j
0j,0j,0j,0j,0j,0j,0j,0j,0j,0j,0j,0j,0j,0j,0j,0j,0j,0j,0j,0j,0j,0j,0j,0j,0j,0j,0j,0j,0j,0j,0j,0j,0j,0j,0j,0j,0j,0j,0j,0j,0j,0j,0j,0j,0j,0j,0j,0j,0j,0j,0j,0j,0j,0j,0j,0j,0j,0j,0j,0j,0j,0j,0j,0j,0j,0j,0j,0j,0j,0j,0j,0j,0j,0j,0j,0j,0j,0j,0j,0j,0j,0j,0j,0j,0j,0j,0j,0j,(1.0733126291998991+0j),2.1213203435596424j,0j,0j,0j,0j,0j,0j,0j,0j,0j,-1.5811388300841898j,(-1.12+0j),-2.1213203435596424j,0j,0j,0j,0j,0j,0j,0j,0j,0j,1.5811388300841898j,0j,0j,0j,0j,0j,0j,0j,0j,0j
0j,0j,0j,0j,0j,0j,0j,0j,0j,0j,0j,0j,0j,0j,0j,0j,0j,0j,0j,0j,0j,0j,0j,0j,0j,0j,0j,0j,0j,0j,0j,0j,0j,0j,0j,0j,0j,0j,0j,0j,0j,0j,0j,0j,0j,0j,0j,0j,0j,0j,0j,0j,0j,0j,0j,0j,0j,0j,0j,0j,0j,0j,0j,0j,0j,0j,0j,0j,0j,0j,0j,0j,0j,0j,0j,0j,0j,0j,0j,0j,0j,0j,0j,0j,0j,0j,0j,0j,0j,(1.44+0j),2.1213203435596424j,0j,0j,0j,0j,0j,0j,0j,0j,0j,-2.1213203435596424j,(-1.3599999999999999+0j),-2.449489742783178j,0j,0j,0j,0j,0j,0j,0j,0j,0j,1.5811388300841898j,0j,0j,0j,0j,0j,0j,0j,0j
0j,0j,0j,0j,0j,0j,0j,0j,0j,0j,0j,0j,0j,0j,0j,0j,0j,0j,0j,0j,0j,0j,0j,0j,0j,0j,0j,0j,0j,0j,0j,0j,0j,0j,0j,0j,0j,0j,0j,0j,0j,0j,0j,0j,0j,0j,0j,0j,0j,0j,0j,0j,0j,0j,0j,0j,0j,0j,0j,0j,0j,0j,0j,0j,0j,0j,0j,0j,0j,0j,0j,0j,0j,0j,0j,0j,0j,0j,0j,0j,0j,0j,0j,0j,0j,0j,0j,0j,0j,0j,(1.662768775266122+0j),2.1213203435596424j,0j,0j,0j,0j,0j,0j,0j,0j,0j,-2.449489742783178j,(-1.5200000000000002+0j),-2.6457513110645907j,0j,0j,0j,0j,0j,0j,0j,0j,0j,1.5811388300841898j,0j,0j,0j,0j,0j,0j,0j
0j,0j,0j,0j,0j,0j,0j,0j,0j,0j,0j,0j,0j,0j,0j,0j,0j,0j,0j,0j,0j,0j,0j,0j,0j,0j,0j,0j,0j,0j,0j,0j,0j,0j,0j,0j,0j,0j,0j,0j,0j,0j,0j,0j,0j,0j,0j,0j,0j,0j,0j,0j,0j,0j,0j,0j,0j,0j,0j,0j,0j,0j,0j,0j,0j,0j,0j,0j,0j,0j,0j,0j,0j,0j,0j,0j,0j,0j,0j,0j,0j,0j,0j,0j,0j,0j,0j,0j,0j,0j,0j,(1.795995545651492+0j),2.1213203435596424j,0j,0j,0j,0j,0j,0j,0j,0j,0j,-2.6457513110645907j,(-1.6000000000000003+0j),-2.7386127875258306j,0j,0j,0j,0j,0j,0j,0j,0j,0j,1.5811388300841898j,0j,0j,0j,0j,0j,0j
0j,0j,0j,0j,0j,0j,0j,0j,0j,0j,0j,0j,0j,0j,0j,0j,0j,0j,0j,0j,0j,0j,0j,0j,0j,0j,0j,0j,0j,0j,0j,0j,0j,0j,0j,0j,0j,0j,0j,0j,0j,0j,0j,0j,0j,0j,0j,0j,0j,0j,0j,0j,0j,0j,0j,0j,0j,0j,0j,0j,0j,0j,0j,0j,0j,0j,0j,0j,0j,0j,0j,0j,0j,0j,0j,0j,0j,0j,0j,0j,0j,0j,0j,0j,0j,0j,0j,0j,0j,0j,0j,0j,(1.85903200617956+0j),2.1213203435596424j,0j,0j,0j,0j,0j,0j,0j,0j,0j,-2.7386127875258306j,(-1.6000000000000003+0j),-2.7386127875258306j,0j,0j,0j,0j,0j,0j,0j,0j,0j,1.5811388300841898j,0j,0j,0j,0j,0j
0j,0j,0j,0j,0j,0j,0j,0j,0j,0j,0j,0j,0j,0j,0j,0j,0j,0j,0j,0j,0j,0j,0j,0j,0j,0j,0j,0j,0j,0j,0j,0j,0j,0j,0j,0j,0j,0j,0j,0j,0j,0j,0j,0j,0j,0j,0j,0j,0j,0j,0j,0j,0j,0j,0j,0j,0j,0j,0j,0j,0j,0j,0j,0j,0j,0j,0j,0j,0j,0j,0j,0j,0j,0j,0j,0j,0j,0j,0j,0j,0j,0j,0j,0j,0j,0j,0j,0j,0j,0j,0j,0j,0j,(1.85903200617956+0j),2.1213203435596424j,0j,0j,0j,0j,0j,0j,0j,0j,0j,-2.7386127875258306j,(-1.5200000000000002+0j),-2.6457513110645907j,0j,0j,0j,0j,0j,0j,0j,0j,0j,1.5811388300841898j,0j,0j,0j,0j
0j,0j,0j,0j,0j,0j,0j,0j,0j,0j,0j,0j,0j,0j,0j,0j,0j,0j,0j,0j,0j,0j,0j,0j,0j,0j,0j,0j,0j,0j,0j,0j,0j,0j,0j,0j,0j,0j,0j,0j,0j,0j,0j,0j,0j,0j,0j,0j,0j,0j,0j,0j,0j,0j,0j,0j,0j,0j,0j,0j,0j,0j,0j,0j,0j,0j,0j,0j,0j,0j,0j,0j,0j,0j,0j,0j,0j,0j,0j,0j,0j,0j,0j,0j,0j,0j,0j,0j,0j,0j,0j,0j,0j,0j,(1.795995545651492+0j),2.1213203435596424j,0j,0j,0j,0j,0j,0j,0j,0j,0j,-2.6457513110645907j,(-1.3599999999999999+0j),-2.449489742783178j,0j,0j,0j,0j,0j,0j,0j,0j,0j,1.5811388300841898j,0j,0j,0j
0j,0j,0j,0j,0j,0j,0j,0j,0j,0j,0j,0j,0j,0j,0j,0j,0j,0j,0j,0j,0j,0j,0j,0j,0j,0j,0j,0j,0j,0j,0j,0j,0j,0j,0j,0j,0j,0j,0j,0j,0j,0j,0j,0j,0j,0j,0j,0j,0j,0j,0j,0j,0j,0j,0j,0j,0j,0j,0j,0j,0j,0j,0j,0j,0j,0j,0j,0j,0j,0j,0j,0j,0j,0j,0j,0j,0j,0j,0j,0j,0j,0j,0j,0j,0j,0j,0j,0j,0j,0j,0j,0j,0j,0j,0j,(1.662768775266122+0j),2.1213203435596424j,0j,0j,0j,0j,0j,0j,0j,0j,0j,-2.449489742783178j,(-1.12+0j),-2.1213203435596424j,0j,0j,0j,0j,0j,0j,0j,0j,0j,1.5811388300841898j,0j,0j
0j,0j,0j,0j,0j,0j,0j,0j,0j,0j,0j,0j,0j,0j,0j,0j,0j,0j,0j,0j,0j,0j,0j,0j,0j,0j,0j,0j,0j,0j,0j,0j,0j,0j,0j,0j,0j,0j,0j,0j,0j,0j,0j,0j,0j,0j,0j,0j,0j,0j,0j,0j,0j,0j,0j,0j,0j,0j,0j,0j,0j,0j,0j,0j,0j,0j,0j,0j,0j,0j,0j,0j,0j,0j,0j,0j,0j,0j,0j,0j,0j,0j,0j,0j,0j,0j,0j,0j,0j,0j,0j,0j,0j,0j,0j,0j,(1.44+0j),2.1213203435596424j,0j,0j,0j,0j,0j,0j,0j,0j,0j,-2.1213203435596424j,(-0.8000000000000002+0j),-1.5811388300841898j,0j,0j,0j,0j,0j,0j,0j,0j,0j,1.5811388300841898j,0j
0j,0j,0j,0j,0j,0j,0j,0j,0j,0j,0j,0j,0j,0j,0j,0j,0j,0j,0j,0j,0j,0j,0j,0j,0j,0j,0j,0j,0j,0j,0j,0j,0j,0j,0j,0j,0j,0j,0j,0j,0j,0j,0j,0j,0j,0j,0j,0j,0j,0j,0j,0j,0j,0j,0j,0j,0j,0j,0j,0j,0j,0j,0j,0j,0j,0j,0j,0j,0j,0j,0j,0j,0j,0j,0j,0j,0j,0j,0j,0j,0j,0j,0j,0j,0j,0j,0j,0j,0j,0j,0j,0j,0j,0j,0j,0j,0j,(1.0733126291998991+0j),2.1213203435596424j,0j,0j,0j,0j,0j,0j,0j,0j,0j,-1.5811388300841898j,(-0.4000000000000001+0j),0j,0j,0j,0j,0j,0j,0j,0j,0j,0j,1.5811388300841898j
0j,0j,0j,0j,0j,0j,0j,0j,0j,0j,0j,0j,0j,0j,0j,0j,0j,0j,0j,0j,0j,0j,0j,0j,0j,0j,0j,0j,0j,0j,0j,0j,0j,0j,0j,0j,0j,0j,0j,0j,0j,0j,0j,0j,0j,0j,0j,0j,0j,0j,0j,0j,0j,0j,0j,0j,0j,0j,0j,0j,0j,0j,0j,0j,0j,0j,0j,0j,0j,0j,0j,0j,0j,0j,0j,0j,0j,0j,0j,0j,0j,0j,0j,0j,0j,0j,0j,0j,0j,0j,0j,0j,0j,0j,0j,0j,0j,0j,0j,1.5811388300841898j,0j,0j,0j,0j,0j,0j,0j,0j,0j,0j,(-0.4000000000000001+0j),-1.5811388300841898j,0j,0j,0j,0j,0j,0j,0j,0j,0j
0j,0j,0j,0j,0j,0j,0j,0j,0j,0j,0j,0j,0j,0j,0j,0j,0j,0j,0j,0j,0j,0j,0j,0j,0j,0j,0j,0j,0j,0j,0j,0j,0j,0j,0j,0j,0j,0j,0j,0j,0j,0j,0j,0j,0j,0j,0j,0j,0j,0j,0j,0j,0j,0j,0j,0j,0j,0j,0j,0j,0j,0j,0j,0j,0j,0j,0j,0j,0j,0j,0j,0j,0j,0j,0j,0j,0j,0j,0j,0j,0j,0j,0j,0j,0j,0j,0j,0j,0j,0j,0j,0j,0j,0j,0j,0j,0j,0j,0j,(0.8000000000000002+0j),1.5811388300841898j,0j,0j,0j,0j,0j,0j,0j,0j,0j,-1.5811388300841898j,(-0.72+0j),-2.1213203435596424j,0j,0j,0j,0j,0j,0j,0j,0j
0j,0j,0j,0j,0j,0j,0j,0j,0j,0j,0j,0j,0j,0j,0j,0j,0j,0j,0j,0j,0j,0j,0j,0j,0j,0j,0j,0j,0j,0j,0j,0j,0j,0j,0j,0j,0j,0j,0j,0j,0j,0j,0j,0j,0j,0j,0j,0j,0j,0j,0j,0j,0j,0j,0j,0j,0j,0j,0j,0j,0j,0j,0j,0j,0j,0j,0j,0j,0j,0j,0j,0j,0j,0j,0j,0j,0j,0j,0j,0j,0j,0j,0j,0j,0j,0j,0j,0j,0j,0j,0j,0j,0j,0j,0j,0j,0j,0j,0j,0j,(1.0733126291998991+0j),1.5811388300841898j,0j,0j,0j,0j,0j,0j,0j,0j,0j,-2.1213203435596424j,(-0.9599999999999997+0j),-2.449489742783178j,0j,0j,0j,0j,0j,0j,0j
0j,0j,0j,0j,0j,0j,0j,0j,0j,0j,0j,0j,0j,0j,0j,0j,0j,0j,0j,0j,0j,0j,0j,0j,0j,0j,0j,0j,0j,0j,0j,0j,0j,0j,0j,0j,0j,0j,0j,0j,0j,0j,0j,0j,0j,0j,0j,0j,0j,0j,0j,0j,0j,0j,0j,0j,0j,0j,0j,0j,0j,0j,0j,0j,0j,0j,0j,0j,0j,0j,0j,0j,0j,0j,0j,0j,0j,0j,0j,0j,0j,0j,0j,0j,0j,0j,0j,0j,0j,0j,0j,0j,0j,0j,0j,0j,0j,0j,0j,0j,0j,(1.2393546707863734+0j),1.5811388300841898j,0j,0j,0j,0j,0j,0j,0j,0j,0j,-2.449489742783178j,(-1.12+0j),-2.6457513110645907j,0j,0j,0j,0j,0j,0j
0j,0j,0j,0j,0j,0j,0j,0j,0j,0j,0j,0j,0j,0j,0j,0j,0j,0j,0j,0j,0j,0j,0j,0j,0j,0j,0j,0j,0j,0j,0j,0j,0j,0j,0j,0j,0j,0j,0j,0j,0j,0j,0j,0j,0j,0j,0j,0j,0j,0j,0j,0j,0j,0j,0j,0j,0j,0j,0j,0j,0j,0j,0j,0j,0j,0j,0j,0j,0j,0j,0j,0j,0j,0j,0j,0j,0j,0j,0j,0j,0j,0j,0j,0j,0j,0j,0j,0j,0j,0j,0j,0j,0j,0j,0j,0j,0j,0j,0j,0j,0j,0j,(1.338656042454521+0j),1.5811388300841898j,0j,0j,0j,0j,0j,0j,0j,0j,0j,-2.6457513110645907j,(-1.2000000000000002+0j),-2.7386127875258306j,0j,0j,0j,0j,0j
0j,0j,0j,0j,0j,0j,0j,0j,0j,0j,0j,0j,0j,0j,0j,0j,0j,0j,0j,0j,0j,0j,0j,0j,0j,0j,0j,0j,0j,0j,0j,0j,0j,0j,0j,0j,0j,0j,0j,0j,0j,0j,0j,0j,0j,0j,0j,0j,0j,0j,0j,0j,0j,0j,0j,0j,0j,0j,0j,0j,0j,0j,0j,0j,0j,0j,0j,0j,0j,0j,0j,0j,0j,0j,0j,0j,0j,0j,0j,0j,0j,0j,0j,0j,0j,0j,0j,0j,0j,0j,0j,0j,0j,0j,0j,0j,0j,0j,0j,0j,0j,0j,0j,(1.385640646055102+0j),1.5811388300841898j,0j,0j,0j,0j,0j,0j,0j,0j,0j,-2.7386127875258306j,(-1.2000000000000002+0j),-2.7386127875258306j,0j,0j,0j,0j
0j,0j,0j,0j,0j,0j,0j,0j,0j,0j,0j,0j,0j,0j,0j,0j,0j,0j,0j,0j,0j,0j,0j,0j,0j,0j,0j,0j,0j,0j,0j,0j,0j,0j,0j,0j,0j,0j,0j,0j,0j,0j,0j,0j,0j,0j,0j,0j,0j,0j,0j,0j,0j,0j,0j,0j,0j,0j,0j,0j,0j,0j,0j,0j,0j,0j,0j,0j,0j,0j,0j,0j,0j,0j,0j,0j,0j,0j,0j,0j,0j,0j,0j,0j,0j,0j,0j,0j,0j,0j,0j,0j,0j,0j,0j,0j,0j,0j,0j,0j,0j,0j,0j,0j,(1.385640646055102+0j),1.5811388300841898j,0j,0j,0j,0j,0j,0j,0j,0j,0j,-2.7386127875258306j,(-1.12+0j),-2.6457513110645907j,0j,0j,0j
0j,0j,0j,0j,0j,0j,0j,0j,0j,0j,0j,0j,0j,0j,0j,0j,0j,0j,0j,0j,0j,0j,0j,0j,0j,0j,0j,0j,0j,0j,0j,0j,0j,0j,0j,0j,0j,0j,0j,0j,0j,0j,0j,0j,0j,0j,0j,0j,0j,0j,0j,0j,0j,0j,0j,0j,0j,0j,0j,0j,0j,0j,0j,0j,0j,0j,0j,0j,0j,0j,0j,0j,0j,0j,0j,0j,0j,0j,0j,0j,0j,0j,0j,0j,0j,0j,0j,0j,0j,0j,0j,0j,0j,0j,0j,0j,0j,0j,0j,0j,0j,0j,0j,0j,0j,(1.338656042454521+0j),1.5811388300841898j,0j,0j,0j,0j,0j,0j,0j,0j,0j,-2.6457513110645907j,(-0.9599999999999997+0j),-2.449489742783178j,0j,0j
0j,0j,0j,0j,0j,0j,0j,0j,0j,0j,0j,0j,0j,0j,0j,0j,0j,0j,0j,0j,0j,0j,0j,0j,0j,0j,0j,0j,0j,0j,0j,0j,0j,0j,0j,0j,0j,0j,0j,0j,0j,0j,0j,0j,0j,0j,0j,0j,0j,0j,0j,0j,0j,0j,0j,0j,0j,0j,0j,0j,0j,0j,0j,0j,0j,0j,0j,0j,0j,0j,0j,0j,0j,0j,0j,0j,0j,0j,0j,0j,0j,0j,0j,0j,0j,0j,0j,0j,0j,0j,0j,0j,0j,0j,0j,0j,0j,0j,0j,0j,0j,0j,0j,0j,0j,0j,(1.2393546707863734+0j),1.5811388300841898j,0j,0j,0j,0j,0j,0j,0j,0j,0j,-2.449489742783178j,(-0.72+0j),-2.1213203435596424j,0j
0j,0j,0j,0j,0j,0j,0j,0j,0j,0j,0j,0j,0j,0j,0j,0j,0j,0j,0j,0j,0j,0j,0j,0j,0j,0j,0j,0j,0j,0j,0j,0j,0j,0j,0j,0j,0j,0j,0j,0j,0j,0j,0j,0j,0j,0j,0j,0j,0j,0j,0j,0j,0j,0j,0j,0j,0j,0j,0j,0j,0j,0j,0j,0j,0j,0j,0j,0j,0j,0j,0j,0j,0j,0j,0j,0j,0j,0j,0j,0j,0j,0j,0j,0j,0j,0j,0j,0j,0j,0j,0j,0j,0j,0j,0j,0j,0j,0j,0j,0j,0j,0j,0j,0j,0j,0j,0j,(1.0733126291998991+0j),1.5811388300841898j,0j,0j,0j,0j,0j,0j,0j,0j,0j,-2.1213203435596424j,(-0.4000000000000001+0j),-1.5811388300841898j
0j,0j,0j,0j,0j,0j,0j,0j,0j,0j,0j,0j,0j,0j,0j,0j,0j,0j,0j,0j,0j,0j,0j,0j,0j,0j,0j,0j,0j,0j,0j,0j,0j,0j,0j,0j,0j,0j,0j,0j,0j,0j,0j,0j,0j,0j,0j,0j,0j,0j,0j,0j,0j,0j,0j,0j,0j,0j,0j,0j,0j,0j,0j,0j,0j,0j,0j,0j,0j,0j,0j,0j,0j,0j,0j,0j,0j,0j,0j,0j,0j,0j,0j,0j,0j,0j,0j,0j,0j,0j,0j,0j,0j,0j,0j,0j,0j,0j,0j,0j,0j,0j,0j,0j,0j,0j,0j,0j,(0.8000000000000002+0j),1.5811388300841898j,0j,0j,0j,0j,0j,0j,0j,0j,0j,-1.5811388300841898j,0j
